State,District,Abbv,CD#,2018 Cook PVI Score,2018 Winner,Party,Dem Votes,GOP Votes,Other Votes,Total Votes,Dem_races,GOP_races,All_minus_Dem,All_minus_GOP,FMargin,Dem_perc,GOP_perc,Other_perc,DemMargin_perc,2016ClintonMargin_perc,Swing_vs_2016_Prez_perc,2016 Total Votes Cast,RawVotes_vs_2016_perc
California,CA-6,CA,6,D+21,Doris Matsui,D,201939,0,0,201939,TRUE,FALSE,-201939,201939,6058,1.0000,0.0000,0.0000,1.0000,0.4400,N/A,248121.0000,0.8139
California,CA-27,CA,27,D+16,Judy Chu,D,202636,0,0,202636,TRUE,FALSE,-202636,202636,6079,1.0000,0.0000,0.0000,1.0000,0.3760,N/A,264466.0000,0.7662
California,CA-44,CA,44,D+35,Nanette Barragan,D,143322,0,0,143322,TRUE,FALSE,-143322,143322,4300,1.0000,0.0000,0.0000,1.0000,0.7080,N/A,197802.0000,0.7246
Florida,FL-10,FL,10,D+11,Val Demings,D,0,0,0,0,FALSE,FALSE,0,0,0,1.0000,0.0000,0.0000,1.0000,0.2690,N/A,315611.0000,0.0000
Florida,FL-14,FL,14,D+7,Kathy Castor,D,0,0,0,0,FALSE,FALSE,0,0,0,1.0000,0.0000,0.0000,1.0000,0.1820,N/A,330427.0000,0.0000
Florida,FL-20,FL,20,D+31,Alcee Hastings,D,202659,0,165,202824,TRUE,FALSE,-202494,202824,6085,1.0000,0.0000,0.0000,1.0000,0.6210,N/A,288812.0000,0.7023
Florida,FL-21,FL,21,D+9,Lois Frankel,D,0,0,0,0,FALSE,FALSE,0,0,0,1.0000,0.0000,0.0000,1.0000,0.1950,N/A,351663.0000,0.0000
Florida,FL-24,FL,24,D+34,Frederica Wilson,D,0,0,0,0,FALSE,FALSE,0,0,0,1.0000,0.0000,0.0000,1.0000,0.6720,N/A,266851.0000,0.0000
Georgia,GA-5,GA,5,D+34,John Lewis,D,275406,0,0,275406,TRUE,FALSE,-275406,275406,8262,1.0000,0.0000,0.0000,1.0000,0.7310,N/A,305755.0000,0.9007
New York,NY-5,NY,5,D+37,Gregory Meeks,D,160500,0,0,160500,TRUE,FALSE,-160500,160500,4815,1.0000,0.0000,0.0000,1.0000,0.7280,N/A,247766.0000,0.6478
New York,NY-16,NY,16,D+24,Eliot Engel,D,182044,0,0,182044,TRUE,FALSE,-182044,182044,5461,1.0000,0.0000,0.0000,1.0000,0.5220,N/A,285395.0000,0.6379
Pennsylvania,PA-18,PA,18,D+13,Mike Doyle,D,231472,0,0,231472,TRUE,FALSE,-231472,231472,6944,1.0000,0.0000,0.0000,1.0000,0.2680,N/A,361913.0000,0.6396
Washington,WA-9,WA,9,D+21,Adam Smith,D,240567,0,0,240567,TRUE,FALSE,-240567,240567,7217,1.0000,0.0000,0.0000,1.0000,0.4710,N/A,291632.0000,0.8249
Wisconsin,WI-2,WI,2,D+18,Mark Pocan,D,309116,0,38,309154,TRUE,FALSE,-309078,309154,9275,0.9999,0.0000,0.0001,0.9999,0.3630,N/A,418192.0000,0.7393
Massachusetts,MA-8,MA,8,D+10,Stephen Lynch,D,259159,0,4148,263307,TRUE,FALSE,-255011,263307,7899,0.9842,0.0000,0.0158,0.9842,0.2560,N/A,389135.0000,0.6766
Massachusetts,MA-7,MA,7,D+34,Ayanna Pressley,D,216559,0,3852,220411,TRUE,FALSE,-212707,220411,6612,0.9825,0.0000,0.0175,0.9825,0.7120,N/A,306116.0000,0.7200
Alabama,AL-7,AL,7,D+20,Terri Sewell,D,185010,0,4153,189163,TRUE,FALSE,-180857,189163,5675,0.9780,0.0000,0.0220,0.9780,0.4120,N/A,294433.0000,0.6425
Massachusetts,MA-4,MA,4,D+9,Joe Kennedy,D,245289,0,5727,251016,TRUE,FALSE,-239562,251016,7530,0.9772,0.0000,0.0228,0.9772,0.2370,N/A,388652.0000,0.6459
Massachusetts,MA-1,MA,1,D+12,Richard Neal,D,211790,0,5110,216900,TRUE,FALSE,-206680,216900,6507,0.9764,0.0000,0.0236,0.9764,0.2030,N/A,344412.0000,0.6298
New York,NY-15,NY,15,D+44,Jose E. Serrano,D,124469,5205,0,129674,TRUE,FALSE,-119264,119264,3890,0.9599,0.0401,0.0000,0.9197,0.8860,0.0337,191894.0000,0.6758
New York,NY-13,NY,13,D+43,Adriano Espaillat,D,180035,10268,0,190303,TRUE,FALSE,-169767,169767,5709,0.9460,0.0540,0.0000,0.8921,0.8640,0.0281,253675.0000,0.7502
New York,NY-8,NY,8,D+36,Hakeem Jeffries,D,180376,0,11028,191404,TRUE,FALSE,-169348,191404,5742,0.9424,0.0000,0.0576,0.9424,0.7080,N/A,256102.0000,0.7474
Pennsylvania,PA-3,PA,3,D+41,Dwight Evans,D,287610,20387,0,307997,TRUE,FALSE,-267223,267223,9240,0.9338,0.0662,0.0000,0.8676,0.8390,0.0286,373594.0000,0.8244
New York,NY-7,NY,7,D+38,Nydia Velazquez,D,146687,0,10410,157097,TRUE,FALSE,-136277,157097,4713,0.9337,0.0000,0.0663,0.9337,0.7610,N/A,205733.0000,0.7636
Virginia,VA-3,VA,3,D+16,Bobby Scott,D,198615,0,19107,217722,TRUE,FALSE,-179508,217722,6532,0.9122,0.0000,0.0878,0.9122,0.3150,N/A,325478.0000,0.6689
Texas,TX-30,TX,30,D+29,Eddie Bernice Johnson,D,166784,0,16390,183174,TRUE,FALSE,-150394,183174,5495,0.9105,0.0000,0.0895,0.9105,0.6080,N/A,220711.0000,0.8299
New York,NY-6,NY,6,D+16,Grace Meng,D,111646,0,11209,122855,TRUE,FALSE,-100437,122855,3686,0.9088,0.0000,0.0912,0.9088,0.3280,N/A,208665.0000,0.5888
New York,NY-9,NY,9,D+34,Yvette Clarke,D,181455,20901,779,203135,TRUE,FALSE,-159775,161333,6094,0.8933,0.1029,0.0038,0.7904,0.6860,0.1044,255357.0000,0.7955
California,CA-37,CA,37,D+37,Karen Bass,D,210555,25823,0,236378,TRUE,FALSE,-184732,184732,7091,0.8908,0.1092,0.0000,0.7815,0.7610,0.0205,276134.0000,0.8560
Texas,TX-9,TX,9,D+29,Al Green,D,136256,0,16745,153001,TRUE,FALSE,-119511,153001,4590,0.8906,0.0000,0.1094,0.8906,0.6120,N/A,191513.0000,0.7989
California,CA-13,CA,13,D+40,Barbara Lee,D,260580,0,34257,294837,TRUE,FALSE,-226323,294837,8845,0.8838,0.0000,0.1162,0.8838,0.7930,N/A,339391.0000,0.8687
New York,NY-17,NY,17,D+7,Nita Lowey,D,170168,0,23150,193318,TRUE,FALSE,-147018,193318,5800,0.8802,0.0000,0.1198,0.8802,0.2000,N/A,321208.0000,0.6018
Illinois,IL-7,IL,7,D+38,Danny Davis,D,215746,30497,0,246243,TRUE,FALSE,-185249,185249,7387,0.8762,0.1238,0.0000,0.7523,0.7730,-0.0207,313933.0000,0.7844
New Jersey,NJ-10,NJ,10,D+36,Donald Payne Jr.,D,175253,20191,4715,200159,TRUE,FALSE,-150347,159777,6005,0.8756,0.1009,0.0236,0.7747,0.7240,0.0507,274361.0000,0.7295
California,CA-12,CA,12,D+37,Nancy Pelosi,D,275292,41780,0,317072,TRUE,FALSE,-233512,233512,9512,0.8682,0.1318,0.0000,0.7365,0.7660,-0.0295,362965.0000,0.8736
Illinois,IL-4,IL,4,D+33,Chuy Garcia,D,143895,22294,0,166189,TRUE,FALSE,-121601,121601,4986,0.8659,0.1341,0.0000,0.7317,0.6830,0.0487,211143.0000,0.7871
New York,NY-12,NY,12,D+31,Carolyn Maloney,D,217430,30446,3726,251602,TRUE,FALSE,-183258,190710,7548,0.8642,0.1210,0.0148,0.7432,0.6900,0.0532,310302.0000,0.8108
Arizona,AZ-7,AZ,7,D+23,Ruben Gallego,D,113044,301,18706,132051,TRUE,FALSE,-94037,131449,3962,0.8561,0.0023,0.1417,0.8538,0.4830,N/A,167183.0000,0.7899
Texas,TX-28,TX,28,D+9,Henry Cuellar,D,117494,0,21732,139226,TRUE,FALSE,-95762,139226,4177,0.8439,0.0000,0.1561,0.8439,0.1970,N/A,190247.0000,0.7318
Michigan,MI-13,MI,13,D+32,Rashida Tlaib,D,165355,0,30944,196299,TRUE,FALSE,-134411,196299,5889,0.8424,0.0000,0.1576,0.8424,0.6060,N/A,265457.0000,0.7395
Washington,WA-7,WA,7,D+33,Pramila Jayapal,D,329800,64881,0,394681,TRUE,FALSE,-264919,264919,11840,0.8356,0.1644,0.0000,0.6712,0.6980,-0.0268,415979.0000,0.9488
Ohio,OH-11,OH,11,D+32,Marcia Fudge,D,206138,44486,36,250660,TRUE,FALSE,-161616,161688,7520,0.8224,0.1775,0.0001,0.6449,0.6350,0.0099,323308.0000,0.7753
New York,NY-10,NY,10,D+26,Jerrold Nadler,D,173095,37619,0,210714,TRUE,FALSE,-135476,135476,6321,0.8215,0.1785,0.0000,0.6429,0.5890,0.0539,264801.0000,0.7957
California,CA-20,CA,20,D+23,Jimmy Panetta,D,183677,0,42044,225721,TRUE,FALSE,-141633,225721,6772,0.8137,0.0000,0.1863,0.8137,0.4680,N/A,258177.0000,0.8743
Illinois,IL-2,IL,2,D+29,Robin Kelly,D,190684,44567,0,235251,TRUE,FALSE,-146117,146117,7058,0.8106,0.1894,0.0000,0.6211,0.5860,0.0351,305228.0000,0.7707
Michigan,MI-14,MI,14,D+30,Brenda Lawrence,D,214334,45899,4761,264994,TRUE,FALSE,-163674,173196,7950,0.8088,0.1732,0.0180,0.6356,0.6090,0.0266,318900.0000,0.8310
Texas,TX-20,TX,20,D+10,Joaquin Castro,D,139038,0,32925,171963,TRUE,FALSE,-106113,171963,5159,0.8085,0.0000,0.1915,0.8085,0.2640,N/A,219982.0000,0.7817
California,CA-29,CA,29,D+29,Tony Cardenas,D,124697,29995,0,154692,TRUE,FALSE,-94702,94702,4641,0.8061,0.1939,0.0000,0.6122,0.6090,0.0032,196196.0000,0.7885
Louisiana,LA-2,LA,2,D+25,Cedric Richmond,D,190182,0,45800,235982,TRUE,FALSE,-144382,235982,7079,0.8059,0.0000,0.1941,0.8059,0.5270,N/A,329648.0000,0.7159
Missouri,MO-1,MO,1,D+29,Lacy Clay,D,219781,45867,8727,274375,TRUE,FALSE,-165187,182641,8231,0.8010,0.1672,0.0318,0.6339,0.5800,0.0539,320522.0000,0.8560
Tennessee,TN-9,TN,9,D+28,Steve Cohen,D,145139,34901,1436,181476,TRUE,FALSE,-108802,111674,5444,0.7998,0.1923,0.0079,0.6075,0.5730,0.0345,224115.0000,0.8097
California,CA-14,CA,14,D+27,Jackie Speier,D,211384,55439,0,266823,TRUE,FALSE,-155945,155945,8005,0.7922,0.2078,0.0000,0.5845,0.5860,-0.0015,298322.0000,0.8944
Pennsylvania,PA-2,PA,2,D+25,Brendan Boyle,D,159600,42382,0,201982,TRUE,FALSE,-117218,117218,6059,0.7902,0.2098,0.0000,0.5803,0.4800,0.1003,283972.0000,0.7113
California,CA-5,CA,5,D+21,Mike Thompson,D,205860,0,55158,261018,TRUE,FALSE,-150702,261018,7831,0.7887,0.0000,0.2113,0.7887,0.4460,N/A,306625.0000,0.8513
Georgia,GA-4,GA,4,D+24,Hank Johnson,D,227717,61092,0,288809,TRUE,FALSE,-166625,166625,8664,0.7885,0.2115,0.0000,0.5769,0.5310,0.0459,298663.0000,0.9670
California,CA-28,CA,28,D+23,Adam Schiff,D,196662,54272,0,250934,TRUE,FALSE,-142390,142390,7528,0.7837,0.2163,0.0000,0.5674,0.4980,0.0694,289254.0000,0.8675
New York,NY-14,NY,14,D+29,Alexandria Ocasio-Cortez,D,110318,19202,11604,141124,TRUE,FALSE,-79512,102720,4234,0.7817,0.1361,0.0822,0.6456,0.5760,0.0696,195883.0000,0.7205
New Jersey,NJ-8,NJ,8,D+27,Albio Sires,D,119881,28725,4849,153455,TRUE,FALSE,-86307,96005,4604,0.7812,0.1872,0.0316,0.5940,0.5420,0.0520,229953.0000,0.6673
Maryland,MD-4,MD,4,D+28,Anthony Brown,D,209642,53327,5614,268583,TRUE,FALSE,-150701,161929,8057,0.7805,0.1985,0.0209,0.5820,0.5710,0.0110,325668.0000,0.8247
Minnesota,MN-5,MN,5,D+26,Ilhan Omar,D,267703,74440,1215,343358,TRUE,FALSE,-192048,194478,10301,0.7797,0.2168,0.0035,0.5629,0.5470,0.0159,374560.0000,0.9167
California,CA-43,CA,43,D+29,Maxine Waters,D,152272,43780,0,196052,TRUE,FALSE,-108492,108492,5882,0.7767,0.2233,0.0000,0.5534,0.6170,-0.0636,234060.0000,0.8376
Hawaii,HI-2,HI,2,D+19,Tulsi Gabbard,D,153271,44850,0,198121,TRUE,FALSE,-108421,108421,5944,0.7736,0.2264,0.0000,0.5472,0.3180,0.2292,219637.0000,0.9020
California,CA-40,CA,40,D+33,Lucille Roybal-Allard,D,93938,0,27511,121449,TRUE,FALSE,-66427,121449,3643,0.7735,0.0000,0.2265,0.7735,0.6950,N/A,164714.0000,0.7373
California,CA-2,CA,2,D+22,Jared Huffman,D,243081,72576,0,315657,TRUE,FALSE,-170505,170505,9470,0.7701,0.2299,0.0000,0.5402,0.4520,0.0882,348791.0000,0.9050
Illinois,IL-5,IL,5,D+20,Mike Quigley,D,213992,65134,5,279131,TRUE,FALSE,-148853,148863,8374,0.7666,0.2333,0.0000,0.5333,0.4600,0.0733,331056.0000,0.8432
Maryland,MD-7,MD,7,D+26,Elijah Cummings,D,202345,56266,6099,264710,TRUE,FALSE,-139980,152178,7941,0.7644,0.2126,0.0230,0.5518,0.5250,0.0268,323954.0000,0.8171
Texas,TX-33,TX,33,D+23,Marc Veasey,D,90805,26120,2299,119224,TRUE,FALSE,-62386,66984,3577,0.7616,0.2191,0.0193,0.5426,0.4910,0.0516,129867.0000,0.9180
Georgia,GA-13,GA,13,D+20,David Scott,D,223157,69760,93,293010,TRUE,FALSE,-153304,153490,8790,0.7616,0.2381,0.0003,0.5235,0.4450,0.0785,301531.0000,0.9717
Virginia,VA-8,VA,8,D+21,Don Beyer,D,247137,76899,712,324748,TRUE,FALSE,-169526,170950,9742,0.7610,0.2368,0.0022,0.5242,0.5180,0.0062,373446.0000,0.8696
Massachusetts,MA-5,MA,5,D+18,Katherine Clark,D,236243,74856,225,311324,TRUE,FALSE,-161162,161612,9340,0.7588,0.2404,0.0007,0.5184,0.4290,0.0894,379720.0000,0.8199
Wisconsin,WI-4,WI,4,D+25,Gwen Moore,D,206487,59091,7170,272748,TRUE,FALSE,-140226,154566,8182,0.7571,0.2167,0.0263,0.5404,0.5150,0.0254,312481.0000,0.8728
California,CA-17,CA,17,D+25,Ro Khanna,D,159105,52057,0,211162,TRUE,FALSE,-107048,107048,6335,0.7535,0.2465,0.0000,0.5069,0.5320,-0.0251,249775.0000,0.8454
Texas,TX-18,TX,18,D+27,Sheila Jackson Lee,D,138704,38368,7260,184332,TRUE,FALSE,-93076,107596,5530,0.7525,0.2081,0.0394,0.5443,0.5630,-0.0187,206135.0000,0.8942
Texas,TX-29,TX,29,D+19,Sylvia Garcia,D,88188,28098,1208,117494,TRUE,FALSE,-58882,61298,3525,0.7506,0.2391,0.0103,0.5114,0.4560,0.0554,133934.0000,0.8773
California,CA-18,CA,18,D+23,Anna Eshoo,D,225142,77096,0,302238,TRUE,FALSE,-148046,148046,9067,0.7449,0.2551,0.0000,0.4898,0.5320,-0.0422,335138.0000,0.9018
California,CA-11,CA,11,D+21,Mark DeSaulnier,D,204369,71312,0,275681,TRUE,FALSE,-133057,133057,8270,0.7413,0.2587,0.0000,0.4826,0.4760,0.0066,320522.0000,0.8601
Colorado,CO-1,CO,1,D+21,Diana DeGette,D,272886,85207,11622,369715,TRUE,FALSE,-176057,199301,11091,0.7381,0.2305,0.0314,0.5076,0.4580,0.0496,401981.0000,0.9197
California,CA-19,CA,19,D+24,Zoe Lofgren,D,162496,57823,0,220319,TRUE,FALSE,-104673,104673,6610,0.7375,0.2625,0.0000,0.4751,0.5140,-0.0389,257624.0000,0.8552
Ohio,OH-3,OH,3,D+19,Joyce Beatty,D,181575,65040,62,246677,TRUE,FALSE,-116473,116597,7400,0.7361,0.2637,0.0003,0.4724,0.3890,0.0834,314301.0000,0.7848
Illinois,IL-1,IL,1,D+27,Bobby Rush,D,189560,50960,17365,257885,TRUE,FALSE,-121235,155965,7737,0.7351,0.1976,0.0673,0.5374,0.5320,0.0054,329221.0000,0.7833
Illinois,IL-9,IL,9,D+18,Jan Schakowsky,D,213368,76983,0,290351,TRUE,FALSE,-136385,136385,8711,0.7349,0.2651,0.0000,0.4697,0.4450,0.0247,344539.0000,0.8427
California,CA-30,CA,30,D+18,Brad Sherman,D,191573,69420,0,260993,TRUE,FALSE,-122153,122153,7830,0.7340,0.2660,0.0000,0.4680,0.4340,0.0340,302821.0000,0.8619
New York,NY-26,NY,26,D+11,Brian Higgins,D,169166,61488,5,230659,TRUE,FALSE,-107673,107683,6920,0.7334,0.2666,0.0000,0.4668,0.1960,0.2708,305135.0000,0.7559
Hawaii,HI-1,HI,1,D+17,Ed Case,D,134650,42498,7063,184211,TRUE,FALSE,-85089,99215,5526,0.7310,0.2307,0.0383,0.5003,0.3250,0.1753,209300.0000,0.8801
North Carolina,NC-12,NC,12,D+18,Alma Adams,D,203974,75164,0,279138,TRUE,FALSE,-128810,128810,8374,0.7307,0.2693,0.0000,0.4615,0.3980,0.0635,362147.0000,0.7708
Illinois,IL-3,IL,3,D+6,Dan Lipinski,D,163053,57885,2396,223334,TRUE,FALSE,-102772,107564,6700,0.7301,0.2592,0.0107,0.4709,0.1540,0.3169,286582.0000,0.7793
California,CA-15,CA,15,D+20,Eric Swalwell,D,177989,65940,0,243929,TRUE,FALSE,-112049,112049,7318,0.7297,0.2703,0.0000,0.4594,0.4490,0.0104,289926.0000,0.8413
Oregon,OR-3,OR,3,D+24,Earl Blumenauer,D,279019,76187,29120,384326,TRUE,FALSE,-173712,231952,11530,0.7260,0.1982,0.0758,0.5278,0.4670,0.0608,412761.0000,0.9311
California,CA-34,CA,34,D+35,Jimmy Gomez,D,110195,0,41711,151906,TRUE,FALSE,-68484,151906,4557,0.7254,0.0000,0.2746,0.7254,0.7280,N/A,184601.0000,0.8229
North Carolina,NC-4,NC,4,D+17,David Price,D,247067,82052,12284,341403,TRUE,FALSE,-152731,177299,10242,0.7237,0.2403,0.0360,0.4833,0.4030,0.0803,423656.0000,0.8058
Mississippi,MS-2,MS,2,D+14,Bennie Thompson,D,158921,0,62458,221379,TRUE,FALSE,-96463,221379,6641,0.7179,0.0000,0.2821,0.7179,0.2840,N/A,291419.0000,0.7597
Washington,WA-2,WA,2,D+10,Rick Larsen,D,210187,0,84646,294833,TRUE,FALSE,-125541,294833,8845,0.7129,0.0000,0.2871,0.7129,0.2210,N/A,327533.0000,0.9002
Texas,TX-35,TX,35,D+15,Lloyd Doggett,D,138278,50553,5236,194067,TRUE,FALSE,-82489,92961,5822,0.7125,0.2605,0.0270,0.4520,0.3330,0.1190,202033.0000,0.9606
California,CA-51,CA,51,D+22,Juan Vargas,D,109527,44301,0,153828,TRUE,FALSE,-65226,65226,4615,0.7120,0.2880,0.0000,0.4240,0.4900,-0.0660,205852.0000,0.7473
Virginia,VA-11,VA,11,D+15,Gerry Connolly,D,219191,83023,6051,308265,TRUE,FALSE,-130117,142219,9248,0.7110,0.2693,0.0196,0.4417,0.3890,0.0527,361492.0000,0.8528
Maryland,MD-5,MD,5,D+16,Steny Hoyer,D,213796,82361,8052,304209,TRUE,FALSE,-123383,139487,9126,0.7028,0.2707,0.0265,0.4321,0.3380,0.0941,365068.0000,0.8333
New Jersey,NJ-9,NJ,9,D+16,Bill Pascrell,D,140832,57854,1730,200416,TRUE,FALSE,-81248,84708,6012,0.7027,0.2887,0.0086,0.4140,0.3120,0.1020,276523.0000,0.7248
South Carolina,SC-6,SC,6,D+19,Jim Clyburn,D,144765,58282,3386,206433,TRUE,FALSE,-83097,89869,6193,0.7013,0.2823,0.0164,0.4189,0.3740,0.0449,264993.0000,0.7790
California,CA-33,CA,33,D+16,Ted Lieu,D,219091,93769,0,312860,TRUE,FALSE,-125322,125322,9386,0.7003,0.2997,0.0000,0.4006,0.4130,-0.0124,353897.0000,0.8840
North Carolina,NC-1,NC,1,D+17,G.K. Butterfield,D,190457,82218,0,272675,TRUE,FALSE,-108239,108239,8180,0.6985,0.3015,0.0000,0.3970,0.3740,0.0230,361229.0000,0.7549
California,CA-35,CA,35,D+19,Norma Torres,D,103420,45604,0,149024,TRUE,FALSE,-57816,57816,4471,0.6940,0.3060,0.0000,0.3880,0.4080,-0.0200,188611.0000,0.7901
Vermont,VT-AL,VT,AL,D+15,Peter Welch,D,188547,70705,13199,272451,TRUE,FALSE,-104643,131041,8174,0.6920,0.2595,0.0484,0.4325,0.2640,0.1685,315077.0000,0.8647
California,CA-46,CA,46,D+15,Lou Correa,D,102278,45638,0,147916,TRUE,FALSE,-56640,56640,4437,0.6915,0.3085,0.0000,0.3829,0.3800,0.0029,182597.0000,0.8101
Maryland,MD-3,MD,3,D+13,John Sarbanes,D,202407,82774,7699,292880,TRUE,FALSE,-111934,127332,8786,0.6911,0.2826,0.0263,0.4085,0.3090,0.0995,345565.0000,0.8475
California,CA-53,CA,53,D+14,Susan Davis,D,185667,83127,0,268794,TRUE,FALSE,-102540,102540,8064,0.6907,0.3093,0.0000,0.3815,0.3490,0.0325,310373.0000,0.8660
California,CA-38,CA,38,D+17,Linda Sanchez,D,139188,62968,0,202156,TRUE,FALSE,-76220,76220,6065,0.6885,0.3115,0.0000,0.3770,0.3950,-0.0180,248271.0000,0.8143
California,CA-32,CA,32,D+17,Grace Napolitano,D,121759,55272,0,177031,TRUE,FALSE,-66487,66487,5311,0.6878,0.3122,0.0000,0.3756,0.3890,-0.0134,220046.0000,0.8045
New Jersey,NJ-12,NJ,12,D+16,Bonnie Watson Coleman,D,173334,79041,0,252375,TRUE,FALSE,-94293,94293,7571,0.6868,0.3132,0.0000,0.3736,0.3320,0.0416,314721.0000,0.8019
Texas,TX-16,TX,16,D+17,Veronica Escobar,D,124437,49127,8190,181754,TRUE,FALSE,-67120,83500,5453,0.6846,0.2703,0.0451,0.4144,0.4030,0.0114,194603.0000,0.9340
Maryland,MD-8,MD,8,D+14,Jamie Raskin,D,217679,96525,5126,319330,TRUE,FALSE,-116028,126280,9580,0.6817,0.3023,0.0161,0.3794,0.3330,0.0464,369004.0000,0.8654
Michigan,MI-12,MI,12,D+14,Debbie Dingell,D,200588,85115,8925,294628,TRUE,FALSE,-106548,124398,8839,0.6808,0.2889,0.0303,0.3919,0.2620,0.1299,340042.0000,0.8664
Tennessee,TN-5,TN,5,D+7,Jim Cooper,D,177923,84317,8,262248,TRUE,FALSE,-93598,93614,7867,0.6785,0.3215,0.0000,0.3569,0.1820,0.1749,279441.0000,0.9385
Ohio,OH-9,OH,9,D+14,Marcy Kaptur,D,157219,74670,48,231937,TRUE,FALSE,-82501,82597,6958,0.6779,0.3219,0.0002,0.3559,0.2220,0.1339,301656.0000,0.7689
Massachusetts,MA-2,MA,2,D+9,Jim McGovern,D,191332,93391,170,284893,TRUE,FALSE,-97771,98111,8547,0.6716,0.3278,0.0006,0.3438,0.1900,0.1538,357395.0000,0.7971
Florida,FL-5,FL,5,D+12,Al Lawson,D,180527,89799,0,270326,TRUE,FALSE,-90728,90728,8110,0.6678,0.3322,0.0000,0.3356,0.2540,0.0816,311972.0000,0.8665
Rhode Island,RI-1,RI,1,D+14,David Cicilline,D,116099,57567,417,174083,TRUE,FALSE,-58115,58949,5222,0.6669,0.3307,0.0024,0.3362,0.2490,0.0872,219493.0000,0.7931
New York,NY-20,NY,20,D+7,Paul Tonko,D,176811,89058,0,265869,TRUE,FALSE,-87753,87753,7976,0.6650,0.3350,0.0000,0.3301,0.1330,0.1971,329220.0000,0.8076
Nevada,NV-1,NV,1,D+15,Dina Titus,D,100707,46978,4516,152201,TRUE,FALSE,-49213,58245,4566,0.6617,0.3087,0.0297,0.3530,0.2900,0.0630,196841.0000,0.7732
Maryland,MD-2,MD,2,D+11,Dutch Ruppersberger,D,167201,77782,8319,253302,TRUE,FALSE,-81100,97738,7599,0.6601,0.3071,0.0328,0.3530,0.2100,0.1430,313406.0000,0.8082
Minnesota,MN-4,MN,4,D+14,Betty McCollum,D,216865,97747,14003,328615,TRUE,FALSE,-105115,133121,9858,0.6599,0.2975,0.0426,0.3625,0.3060,0.0565,367654.0000,0.8938
Illinois,IL-8,IL,8,D+8,Raja Krishnamoorthi,D,130054,67073,0,197127,TRUE,FALSE,-62981,62981,5914,0.6597,0.3403,0.0000,0.3195,0.2160,0.1035,257872.0000,0.7644
Illinois,IL-10,IL,10,D+10,Brad Schneider,D,156540,82124,0,238664,TRUE,FALSE,-74416,74416,7160,0.6559,0.3441,0.0000,0.3118,0.2890,0.0228,293238.0000,0.8139
Pennsylvania,PA-5,PA,5,D+13,Mary Gay Scanlon,D,198639,106075,0,304714,TRUE,FALSE,-92564,92564,9141,0.6519,0.3481,0.0000,0.3038,0.2820,0.0218,367453.0000,0.8293
Massachusetts,MA-6,MA,6,D+6,Seth Moulton,D,217703,104798,11474,333975,TRUE,FALSE,-101431,124379,10019,0.6519,0.3138,0.0344,0.3381,0.1760,0.1621,407896.0000,0.8188
California,CA-41,CA,41,D+12,Mark Takano,D,108227,58021,0,166248,TRUE,FALSE,-50206,50206,4987,0.6510,0.3490,0.0000,0.3020,0.2790,0.0230,206961.0000,0.8033
Indiana,IN-1,IN,1,D+8,Peter Visclosky,D,159611,85594,4,245209,TRUE,FALSE,-74013,74021,7356,0.6509,0.3491,0.0000,0.3019,0.1250,0.1769,301431.0000,0.8135
California,CA-47,CA,47,D+13,Alan Lowenthal,D,143354,77682,0,221036,TRUE,FALSE,-65672,65672,6631,0.6486,0.3514,0.0000,0.2971,0.3150,-0.0179,259263.0000,0.8526
Indiana,IN-7,IN,7,D+11,Andre Carson,D,141139,76457,233,217829,TRUE,FALSE,-64449,64915,6535,0.6479,0.3510,0.0011,0.2969,0.2250,0.0719,268048.0000,0.8126
Connecticut,CT-3,CT,3,D+9,Rosa DeLauro,D,174572,95667,0,270239,TRUE,FALSE,-78905,78905,8107,0.6460,0.3540,0.0000,0.2920,0.1550,0.1370,322281.0000,0.8385
Delaware,DE-AL,DE,AL,D+6,Lisa Blunt Rochester,D,227353,125384,0,352737,TRUE,FALSE,-101969,101969,10582,0.6445,0.3555,0.0000,0.2891,0.1140,0.1751,442997.0000,0.7963
New Jersey,NJ-1,NJ,1,D+13,Donald Norcross,D,169628,87617,6173,263418,TRUE,FALSE,-75838,88184,7903,0.6439,0.3326,0.0234,0.3113,0.2450,0.0663,329187.0000,0.8002
Washington,WA-6,WA,6,D+6,Derek Kilmer,D,206409,116677,0,323086,TRUE,FALSE,-89732,89732,9693,0.6389,0.3611,0.0000,0.2777,0.1240,0.1537,333450.0000,0.9689
Connecticut,CT-1,CT,1,D+12,John Larson,D,175087,96024,3029,274140,TRUE,FALSE,-76034,82092,8224,0.6387,0.3503,0.0110,0.2884,0.2310,0.0574,329238.0000,0.8326
Arizona,AZ-3,AZ,3,D+13,Raul Grijalva,D,114650,64868,0,179518,TRUE,FALSE,-49782,49782,5386,0.6387,0.3613,0.0000,0.2773,0.2950,-0.0177,211797.0000,0.8476
California,CA-52,CA,52,D+6,Scott Peters,D,188992,107015,0,296007,TRUE,FALSE,-81977,81977,8880,0.6385,0.3615,0.0000,0.2769,0.2260,0.0509,329258.0000,0.8990
Illinois,IL-11,IL,11,D+9,Bill Foster,D,145407,82358,0,227765,TRUE,FALSE,-63049,63049,6833,0.6384,0.3616,0.0000,0.2768,0.2330,0.0438,282906.0000,0.8051
Oregon,OR-1,OR,1,D+9,Suzanne Bonamici,D,231198,116446,15605,363249,TRUE,FALSE,-99147,130357,10897,0.6365,0.3206,0.0430,0.3159,0.2190,0.0969,398968.0000,0.9105
New Jersey,NJ-6,NJ,6,D+9,Frank Pallone,D,140752,80443,0,221195,TRUE,FALSE,-60309,60309,6636,0.6363,0.3637,0.0000,0.2727,0.1560,0.1167,289650.0000,0.7637
Pennsylvania,PA-4,PA,4,D+7,Madeleine Dean,D,211524,121467,0,332991,TRUE,FALSE,-90057,90057,9990,0.6352,0.3648,0.0000,0.2704,0.1940,0.0764,382477.0000,0.8706
Rhode Island,RI-2,RI,2,D+6,Jim Langevin,D,126476,72271,450,199197,TRUE,FALSE,-53755,54655,5976,0.6349,0.3628,0.0023,0.2721,0.0680,0.2041,243211.0000,0.8190
New Mexico,NM-3,NM,3,D+8,Ben R. Lujan,D,155201,76427,13265,244893,TRUE,FALSE,-65509,92039,7347,0.6338,0.3121,0.0542,0.3217,0.1520,0.1697,279058.0000,0.8776
Virginia,VA-4,VA,4,D+10,Don McEachin,D,187642,107706,4506,299854,TRUE,FALSE,-75430,84442,8996,0.6258,0.3592,0.0150,0.2666,0.2140,0.0526,364550.0000,0.8225
Connecticut,CT-2,CT,2,D+3,Joe Courtney,D,179731,102483,6900,289114,TRUE,FALSE,-70348,84148,8673,0.6217,0.3545,0.0239,0.2672,0.0290,0.2382,341409.0000,0.8468
Illinois,IL-17,IL,17,D+3,Cheri Bustos,D,142659,87090,0,229749,TRUE,FALSE,-55569,55569,6892,0.6209,0.3791,0.0000,0.2419,-0.0070,0.2489,283713.0000,0.8098
Kentucky,KY-3,KY,3,D+6,John Yarmuth,D,173002,101930,3788,278720,TRUE,FALSE,-67284,74860,8362,0.6207,0.3657,0.0136,0.2550,0.1490,0.1060,340045.0000,0.8197
Florida,FL-22,FL,22,D+6,Ted Deutch,D,184634,113049,0,297683,TRUE,FALSE,-71585,71585,8930,0.6202,0.3798,0.0000,0.2405,0.1570,0.0835,356478.0000,0.8351
Massachusetts,MA-3,MA,3,D+9,Lori Trahan,D,173175,93445,12707,279327,TRUE,FALSE,-67023,92437,8380,0.6200,0.3345,0.0455,0.2854,0.2250,0.0604,354367.0000,0.7882
California,CA-26,CA,26,D+7,Julia Brownley,D,158216,97210,0,255426,TRUE,FALSE,-61006,61006,7663,0.6194,0.3806,0.0000,0.2388,0.2140,0.0248,298769.0000,0.8549
Missouri,MO-5,MO,5,D+7,Emanuel Cleaver,D,175019,101069,7697,283785,TRUE,FALSE,-66253,81647,8514,0.6167,0.3561,0.0271,0.2606,0.1480,0.1126,327471.0000,0.8666
Washington,WA-10,WA,10,D+5,Denny Heck,D,166215,103860,0,270075,TRUE,FALSE,-62355,62355,8102,0.6154,0.3846,0.0000,0.2309,0.1130,0.1179,294847.0000,0.9160
New York,NY-4,NY,4,D+4,Kathleen Rice,D,159535,100571,0,260106,TRUE,FALSE,-58964,58964,7803,0.6133,0.3867,0.0000,0.2267,0.0950,0.1317,339434.0000,0.7663
Connecticut,CT-4,CT,4,D+7,Jim Himes,D,168726,106921,4,275651,TRUE,FALSE,-61801,61809,8270,0.6121,0.3879,0.0000,0.2242,0.2300,-0.0058,328790.0000,0.8384
Arizona,AZ-9,AZ,9,D+4,Greg Stanton,D,159583,101662,0,261245,TRUE,FALSE,-57921,57921,7837,0.6109,0.3891,0.0000,0.2217,0.1590,0.0627,290237.0000,0.9001
Ohio,OH-13,OH,13,D+7,Tim Ryan,D,153323,98047,0,251370,TRUE,FALSE,-55276,55276,7541,0.6099,0.3901,0.0000,0.2199,0.0650,0.1549,319864.0000,0.7859
Colorado,CO-7,CO,7,D+6,Ed Perlmutter,D,204260,119734,14073,338067,TRUE,FALSE,-70453,98599,10142,0.6042,0.3542,0.0416,0.2500,0.1210,0.1290,371934.0000,0.9089
Colorado,CO-2,CO,2,D+9,Joe Neguse,D,259608,144901,26256,430765,TRUE,FALSE,-88451,140963,12923,0.6027,0.3364,0.0610,0.2663,0.2130,0.0533,470864.0000,0.9148
Texas,TX-34,TX,34,D+10,Filemon Vela,D,85825,57243,0,143068,TRUE,FALSE,-28582,28582,4292,0.5999,0.4001,0.0000,0.1998,0.2150,-0.0152,172183.0000,0.8309
Wisconsin,WI-3,WI,3,EVEN,Ron Kind,D,187888,126980,0,314868,TRUE,FALSE,-60908,60908,9446,0.5967,0.4033,0.0000,0.1934,-0.0450,0.2384,363271.0000,0.8668
Michigan,MI-9,MI,9,D+4,Andy Levin,D,181734,112123,10706,304563,TRUE,FALSE,-58905,80317,9137,0.5967,0.3681,0.0352,0.2286,0.0770,0.1516,355063.0000,0.8578
Texas,TX-15,TX,15,D+7,Vicente Gonzalez,D,98333,63862,2607,164802,TRUE,FALSE,-31864,37078,4944,0.5967,0.3875,0.0158,0.2092,0.1660,0.0432,185819.0000,0.8869
Georgia,GA-2,GA,2,D+6,Sanford Bishop,D,136699,92472,0,229171,TRUE,FALSE,-44227,44227,6875,0.5965,0.4035,0.0000,0.1930,0.1170,0.0760,248104.0000,0.9237
Michigan,MI-5,MI,5,D+5,Daniel Kildee,D,164502,99265,12646,276413,TRUE,FALSE,-52591,77883,8292,0.5951,0.3591,0.0458,0.2360,0.0430,0.1930,327971.0000,0.8428
Massachusetts,MA-9,MA,9,D+4,Bill Keating,D,192347,131463,118,323928,TRUE,FALSE,-60766,61002,9718,0.5938,0.4058,0.0004,0.1880,0.1060,0.0820,397353.0000,0.8152
Washington,WA-1,WA,1,D+6,Suzan DelBene,D,197209,135534,0,332743,TRUE,FALSE,-61675,61675,9982,0.5927,0.4073,0.0000,0.1854,0.1640,0.0214,347060.0000,0.9587
New Mexico,NM-1,NM,1,D+7,Deb Haaland,D,147336,90507,11319,249162,TRUE,FALSE,-45510,68148,7475,0.5913,0.3632,0.0454,0.2281,0.1650,0.0631,285170.0000,0.8737
California,CA-36,CA,36,D+2,Raul Ruiz,D,122169,84839,0,207008,TRUE,FALSE,-37330,37330,6210,0.5902,0.4098,0.0000,0.1803,0.0870,0.0933,237370.0000,0.8721
New York,NY-25,NY,25,D+8,Joe Morelle,D,159244,110736,0,269980,TRUE,FALSE,-48508,48508,8099,0.5898,0.4102,0.0000,0.1797,0.1620,0.0177,333384.0000,0.8098
New York,NY-3,NY,3,D+1,Tom Suozzi,D,157456,109514,0,266970,TRUE,FALSE,-47942,47942,8009,0.5898,0.4102,0.0000,0.1796,0.0610,0.1186,348146.0000,0.7668
Maryland,MD-6,MD,6,D+6,David Trone,D,163346,105209,8529,277084,TRUE,FALSE,-49608,66666,8313,0.5895,0.3797,0.0308,0.2098,0.1540,0.0558,337363.0000,0.8213
Pennsylvania,PA-6,PA,6,D+2,Chrissy Houlahan,D,177704,124124,0,301828,TRUE,FALSE,-53580,53580,9055,0.5888,0.4112,0.0000,0.1775,0.0930,0.0845,353374.0000,0.8541
Maine,ME-1,ME,1,D+8,Chellie Pingree,D,201195,111188,29670,342053,TRUE,FALSE,-60337,119677,10262,0.5882,0.3251,0.0867,0.2631,0.1480,0.1151,394329.0000,0.8674
California,CA-31,CA,31,D+8,Pete Aguilar,D,110143,77352,0,187495,TRUE,FALSE,-32791,32791,5625,0.5874,0.4126,0.0000,0.1749,0.2110,-0.0361,228825.0000,0.8194
California,CA-24,CA,24,D+7,Salud Carbajal,D,166550,117881,0,284431,TRUE,FALSE,-48669,48669,8533,0.5856,0.4144,0.0000,0.1711,0.1990,-0.0279,316384.0000,0.8990
Florida,FL-23,FL,23,D+11,Debbie Wasserman Schultz,D,161611,99446,15309,276366,TRUE,FALSE,-46856,77474,8291,0.5848,0.3598,0.0554,0.2249,0.2610,-0.0361,335744.0000,0.8231
California,CA-3,CA,3,D+5,John Garamendi,D,134875,97376,0,232251,TRUE,FALSE,-37499,37499,6968,0.5807,0.4193,0.0000,0.1615,0.1250,0.0365,263803.0000,0.8804
Florida,FL-9,FL,9,D+5,Darren Soto,D,172172,124565,0,296737,TRUE,FALSE,-47607,47607,8902,0.5802,0.4198,0.0000,0.1604,0.1290,0.0314,356530.0000,0.8323
Florida,FL-7,FL,7,EVEN,Stephanie Murphy,D,183113,134285,0,317398,TRUE,FALSE,-48828,48828,9522,0.5769,0.4231,0.0000,0.1538,0.0730,0.0808,363186.0000,0.8739
Florida,FL-13,FL,13,D+2,Charlie Crist,D,182717,134254,0,316971,TRUE,FALSE,-48463,48463,9509,0.5764,0.4236,0.0000,0.1529,0.0320,0.1209,360760.0000,0.8786
California,CA-16,CA,16,D+9,Jim Costa,D,82266,60693,0,142959,TRUE,FALSE,-21573,21573,4289,0.5755,0.4245,0.0000,0.1509,0.2130,-0.0621,172088.0000,0.8307
New Jersey,NJ-11,NJ,11,R+3,Mikie Sherrill,D,183684,136322,3568,323574,TRUE,FALSE,-43794,50930,9707,0.5677,0.4213,0.0110,0.1464,-0.0090,0.1554,380521.0000,0.8503
California,CA-9,CA,9,D+8,Jerry McNerney,D,113414,87349,0,200763,TRUE,FALSE,-26065,26065,6023,0.5649,0.4351,0.0000,0.1298,0.1820,-0.0522,243453.0000,0.8246
California,CA-49,CA,49,R+1,Mike Levin,D,166453,128577,0,295030,TRUE,FALSE,-37876,37876,8851,0.5642,0.4358,0.0000,0.1284,0.0750,0.0534,314717.0000,0.9374
Pennsylvania,PA-17,PA,17,R+3,Conor Lamb,D,183162,142417,0,325579,TRUE,FALSE,-40745,40745,9767,0.5626,0.4374,0.0000,0.1251,-0.0250,0.1501,380743.0000,0.8551
New Jersey,NJ-5,NJ,5,R+3,Josh Gottheimer,D,169546,128255,4022,301823,TRUE,FALSE,-37269,45313,9055,0.5617,0.4249,0.0133,0.1368,-0.0110,0.1478,364545.0000,0.8279
Virginia,VA-10,VA,10,D+1,Jennifer Wexton,D,206356,160841,598,367795,TRUE,FALSE,-44917,46113,11034,0.5611,0.4373,0.0016,0.1238,0.0980,0.0258,408608.0000,0.9001
Oregon,OR-4,OR,4,EVEN,Peter DeFazio,D,208710,152414,11769,372893,TRUE,FALSE,-44527,68065,11187,0.5597,0.4087,0.0316,0.1510,0.0010,0.1500,406334.0000,0.9177
Connecticut,CT-5,CT,5,D+2,Jahana Hayes,D,151225,119426,13,270664,TRUE,FALSE,-31786,31812,8120,0.5587,0.4412,0.0000,0.1175,0.0410,0.0765,323202.0000,0.8374
Minnesota,MN-3,MN,3,D+1,Dean Phillips,D,202404,160839,706,363949,TRUE,FALSE,-40859,42271,10918,0.5561,0.4419,0.0019,0.1142,0.0940,0.0202,401670.0000,0.9061
New York,NY-18,NY,18,R+1,Sean Patrick Maloney,D,139564,112035,0,251599,TRUE,FALSE,-27529,27529,7548,0.5547,0.4453,0.0000,0.1094,-0.0200,0.1294,312199.0000,0.8059
New Hampshire,NH-2,NH,2,D+2,Annie Kuster,D,154378,118670,6357,279405,TRUE,FALSE,-29351,42065,8382,0.5525,0.4247,0.0228,0.1278,0.0240,0.1038,366722.0000,0.7619
California,CA-7,CA,7,D+3,Ami Bera,D,155016,126601,0,281617,TRUE,FALSE,-28415,28415,8449,0.5504,0.4496,0.0000,0.1009,0.1120,-0.0111,309549.0000,0.9098
Oregon,OR-5,OR,5,EVEN,Kurt Schrader,D,197187,149887,11395,358469,TRUE,FALSE,-35905,58695,10754,0.5501,0.4181,0.0318,0.1320,0.0410,0.0910,389153.0000,0.9212
Iowa,IA-2,IA,2,D+1,Dave Loebsack,D,171446,133287,8180,312913,TRUE,FALSE,-29979,46339,9387,0.5479,0.4260,0.0261,0.1219,-0.0410,0.1629,384495.0000,0.8138
Arizona,AZ-2,AZ,2,R+1,Ann Kirkpatrick,D,161000,133083,69,294152,TRUE,FALSE,-27848,27986,8825,0.5473,0.4524,0.0002,0.0949,0.0480,0.0469,321540.0000,0.9148
Pennsylvania,PA-8,PA,8,R+1,Matt Cartwright,D,135603,112563,0,248166,TRUE,FALSE,-23040,23040,7445,0.5464,0.4536,0.0000,0.0928,-0.0950,0.1878,310154.0000,0.8001
California,CA-25,CA,25,EVEN,Katie Hill,D,133209,111813,0,245022,TRUE,FALSE,-21396,21396,7351,0.5437,0.4563,0.0000,0.0873,0.0660,0.0213,274459.0000,0.8927
Colorado,CO-6,CO,6,D+2,Jason Crow,D,187639,148685,10498,346822,TRUE,FALSE,-28456,49452,10405,0.5410,0.4287,0.0303,0.1123,0.0890,0.0233,380530.0000,0.9114
Arizona,AZ-1,AZ,1,R+2,Tom O'Halleran,D,143240,122784,65,266089,TRUE,FALSE,-20391,20521,7983,0.5383,0.4614,0.0002,0.0769,-0.0110,0.0879,289086.0000,0.9204
Illinois,IL-6,IL,6,R+2,Sean Casten,D,169001,146445,0,315446,TRUE,FALSE,-22556,22556,9463,0.5358,0.4642,0.0000,0.0715,0.0680,0.0035,355920.0000,0.8863
Kansas,KS-3,KS,3,R+4,Sharice Davids,D,170518,139762,8021,318301,TRUE,FALSE,-22735,38777,9549,0.5357,0.4391,0.0252,0.0966,0.0120,0.0846,344468.0000,0.9240
New Hampshire,NH-1,NH,1,R+2,Chris Pappas ,D,155891,131015,4160,291066,TRUE,FALSE,-20716,29036,8732,0.5356,0.4501,0.0143,0.0855,-0.0160,0.1015,377574.0000,0.7709
California,CA-48,CA,48,R+4,Harley Rouda,D,157837,136899,0,294736,TRUE,FALSE,-20938,20938,8842,0.5355,0.4645,0.0000,0.0710,0.0170,0.0540,320018.0000,0.9210
Pennsylvania,PA-7,PA,7,D+1,Susan Wild,D,140813,114437,8011,263261,TRUE,FALSE,-18365,34387,7898,0.5349,0.4347,0.0304,0.1002,0.0110,0.0892,329510.0000,0.7989
New York,NY-11,NY,11,R+3,Max Rose,D,101823,89441,774,192038,TRUE,FALSE,-11608,13156,5761,0.5302,0.4657,0.0040,0.0645,-0.0980,0.1625,250083.0000,0.7679
New Jersey,NJ-2,NJ,2,R+1,Jeff Van Drew,D,136685,116866,4812,258363,TRUE,FALSE,-15007,24631,7751,0.5290,0.4523,0.0186,0.0767,-0.0460,0.1227,321018.0000,0.8048
Minnesota,MN-2,MN,2,R+2,Angie Craig ,D,177958,159344,666,337968,TRUE,FALSE,-17948,19280,10139,0.5266,0.4715,0.0020,0.0551,-0.0120,0.0671,381647.0000,0.8856
Texas,TX-7,TX,7,R+7,Lizzie Fletcher,D,127959,115642,0,243601,TRUE,FALSE,-12317,12317,7308,0.5253,0.4747,0.0000,0.0506,0.0140,0.0366,258953.0000,0.9407
Illinois,IL-14,IL,14,R+5,Lauren Underwood,D,156035,141164,0,297199,TRUE,FALSE,-14871,14871,8916,0.5250,0.4750,0.0000,0.0500,-0.0400,0.0900,338514.0000,0.8780
Washington,WA-8,WA,8,EVEN,Kim Schrier,D,164089,148968,0,313057,TRUE,FALSE,-15121,15121,9392,0.5242,0.4758,0.0000,0.0483,0.0300,0.0183,320558.0000,0.9766
Texas,TX-32,TX,32,R+5,Colin Allred,D,144067,126101,5452,275620,TRUE,FALSE,-12514,23418,8269,0.5227,0.4575,0.0198,0.0652,0.0190,0.0462,278463.0000,0.9898
California,CA-10,CA,10,EVEN,Josh Harder,D,115945,105955,0,221900,TRUE,FALSE,-9990,9990,6657,0.5225,0.4775,0.0000,0.0450,0.0300,0.0150,243067.0000,0.9129
Minnesota,MN-7,MN,7,R+12,Collin Peterson,D,146672,134668,169,281509,TRUE,FALSE,-11835,12173,8445,0.5210,0.4784,0.0006,0.0426,-0.3050,0.3476,339286.0000,0.8297
California,CA-45,CA,45,R+3,Katie Porter,D,158906,146383,0,305289,TRUE,FALSE,-12523,12523,9159,0.5205,0.4795,0.0000,0.0410,0.0540,-0.0130,329144.0000,0.9275
Nevada,NV-4,NV,4,D+3,Steven Horsford ,D,121962,102748,10158,234868,TRUE,FALSE,-9056,29372,7046,0.5193,0.4375,0.0432,0.0818,0.0490,0.0328,276932.0000,0.8481
Nevada,NV-3,NV,3,R+2,Susie Lee,D,148501,122566,15101,286168,TRUE,FALSE,-10834,41036,8585,0.5189,0.4283,0.0528,0.0906,-0.0100,0.1006,325601.0000,0.8789
Michigan,MI-11,MI,11,R+4,Haley Stevens,D,181912,158463,10526,350901,TRUE,FALSE,-12923,33975,10527,0.5184,0.4516,0.0300,0.0668,-0.0440,0.1108,392959.0000,0.8930
Florida,FL-27,FL,27,D+5,Donna Shalala,D,130743,115588,6255,252586,TRUE,FALSE,-8900,21410,7578,0.5176,0.4576,0.0248,0.0600,0.1970,-0.1370,299037.0000,0.8447
New Jersey,NJ-7,NJ,7,R+3,Tom Malinowski,D,166985,150785,4972,322742,TRUE,FALSE,-11228,21172,9682,0.5174,0.4672,0.0154,0.0502,0.0110,0.0392,371585.0000,0.8686
California,CA-39,CA,39,EVEN,Gil Cisneros,D,126002,118391,0,244393,TRUE,FALSE,-7611,7611,7332,0.5156,0.4844,0.0000,0.0311,0.0850,-0.0539,274379.0000,0.8907
New York,NY-19,NY,19,R+2,Antonio Delgado,D,147873,132873,7148,287894,TRUE,FALSE,-7852,22148,8637,0.5136,0.4615,0.0248,0.0521,-0.0680,0.1201,322826.0000,0.8918
Virginia,VA-2,VA,2,R+3,Elaine Luria,D,139571,133458,371,273400,TRUE,TRUE,-5742,6484,8202,0.5105,0.4881,0.0014,0.0224,-0.0340,0.0564,326766.0000,0.8367
Iowa,IA-1,IA,1,D+1,Abby Finkenauer,D,170342,153442,10459,334243,TRUE,FALSE,-6441,27359,10027,0.5096,0.4591,0.0313,0.0506,-0.0350,0.0856,395633.0000,0.8448
New Mexico,NM-2,NM,2,R+6,Xochitl Torres Small,D,101489,97767,0,199256,TRUE,TRUE,-3722,3722,5978,0.5093,0.4907,0.0000,0.0187,-0.1020,0.1207,234090.0000,0.8512
New York,NY-22,NY,22,R+6,Anthony Brindisi,D,127715,123242,0,250957,TRUE,TRUE,-4473,4473,7529,0.5089,0.4911,0.0000,0.0178,-0.1530,0.1708,293033.0000,0.8564
Florida,FL-26,FL,26,D+6,Debbie Mucarsel-Powell,D,119797,115678,0,235475,TRUE,TRUE,-4119,4119,7064,0.5087,0.4913,0.0000,0.0175,0.1630,-0.1455,289209.0000,0.8142
Oklahoma,OK-5,OK,5,R+10,Kendra Horn,D,121149,117811,0,238960,TRUE,TRUE,-3338,3338,7169,0.5070,0.4930,0.0000,0.0140,-0.1370,0.1510,280761.0000,0.8511
Maine,ME-2,ME,2,R+2,Jared Golden,D,142440,138931,0,281371,TRUE,TRUE,-3509,3509,8441,0.5062,0.4938,0.0000,0.0125,-0.1030,0.1155,353416.0000,0.7961
Michigan,MI-8,MI,8,R+4,Elissa Slotkin,D,172880,159782,8931,341593,TRUE,FALSE,-4167,22029,10248,0.5061,0.4678,0.0261,0.0383,-0.0670,0.1053,377432.0000,0.9050
South Carolina,SC-1,SC,1,R+10,Joe Cunningham,D,145455,141473,505,287433,TRUE,TRUE,-3477,4487,8623,0.5060,0.4922,0.0018,0.0139,-0.1270,0.1409,336570.0000,0.8540
Georgia,GA-6,GA,6,R+8,Lucy McBath,D,160139,156875,18,317032,TRUE,TRUE,-3246,3282,9511,0.5051,0.4948,0.0001,0.0103,-0.0150,0.0253,331262.0000,0.9570
California,CA-21,CA,21,D+5,T.J. Cox,D,57239,56377,0,113616,TRUE,TRUE,-862,862,3408,0.5038,0.4962,0.0000,0.0076,0.1540,-0.1464,134881.0000,0.8423
Virginia,VA-7,VA,7,R+6,Abigail Spanberger,D,176079,169295,4429,349803,TRUE,FALSE,-2355,11213,10494,0.5034,0.4840,0.0127,0.0194,-0.0650,0.0844,394763.0000,0.8861
Utah,UT-4,UT,4,R+13,Ben McAdams,D,134964,134270,37,269271,TRUE,TRUE,-657,731,8078,0.5012,0.4986,0.0001,0.0026,-0.0670,0.0696,277318.0000,0.9710
New Jersey,NJ-3,NJ,3,R+2,Andy Kim,D,153473,149500,3902,306875,TRUE,TRUE,-71,7875,9206,0.5001,0.4872,0.0127,0.0129,-0.0620,0.0749,365276.0000,0.8401
Georgia,GA-7,GA,7,R+9,Rob Woodall,R,140010,140443,0,280453,TRUE,TRUE,433,-433,8414,0.4992,0.5008,0.0000,-0.0015,-0.0640,0.0625,294972.0000,0.9508
Minnesota,MN-1,MN,1,R+5,Jim Hagedorn,R,144885,146200,576,291661,TRUE,TRUE,1891,-739,8750,0.4968,0.5013,0.0020,-0.0045,-0.1480,0.1435,343735.0000,0.8485
Illinois,IL-13,IL,13,R+3,Rodney Davis,R,134458,136516,7,270981,TRUE,TRUE,2065,-2051,8129,0.4962,0.5038,0.0000,-0.0076,-0.0530,0.0454,324539.0000,0.8350
Iowa,IA-3,IA,3,R+1,Cindy Axne,D,175642,167933,12666,356241,TRUE,FALSE,4957,20375,10687,0.4930,0.4714,0.0356,0.0216,-0.0350,0.0566,402164.0000,0.8858
Nebraska,NE-2,NE,2,R+4,Don Bacon,R,121770,126715,0,248485,TRUE,TRUE,4945,-4945,7455,0.4900,0.5100,0.0000,-0.0199,-0.0220,0.0021,291680.0000,0.8519
North Carolina,NC-9,NC,9,R+8,,,138341,139246,5130,282717,TRUE,TRUE,6035,4225,8482,0.4893,0.4925,0.0181,-0.0032,-0.1200,0.1168,347478.0000,0.8136
New York,NY-27,NY,27,R+11,Chris Collins,R,139059,140146,5973,285178,TRUE,TRUE,7060,4886,8555,0.4876,0.4914,0.0209,-0.0038,-0.2430,0.2392,348933.0000,0.8173
Pennsylvania,PA-1,PA,1,R+1,Brian Fitzpatrick,R,160745,169053,0,329798,TRUE,TRUE,8308,-8308,9894,0.4874,0.5126,0.0000,-0.0252,0.0200,-0.0452,385727.0000,0.8550
Texas,TX-23,TX,23,R+1,Will Hurd,R,102359,103285,4425,210069,TRUE,TRUE,5351,3499,6302,0.4873,0.4917,0.0211,-0.0044,0.0350,-0.0394,233136.0000,0.9011
Pennsylvania,PA-10,PA,10,R+6,Scott Perry,R,141668,149365,0,291033,TRUE,TRUE,7697,-7697,8731,0.4868,0.5132,0.0000,-0.0264,-0.0890,0.0626,346108.0000,0.8409
California,CA-50,CA,50,R+11,Duncan Hunter,R,125448,134362,0,259810,FALSE,TRUE,8914,-8914,7794,0.4828,0.5172,0.0000,-0.0343,-0.1500,0.1157,292878.0000,0.8871
Kentucky,KY-6,KY,6,R+9,Andy Barr,R,144736,154468,3684,302888,FALSE,TRUE,13416,-6048,9087,0.4779,0.5100,0.0122,-0.0321,-0.1530,0.1209,333174.0000,0.9091
Texas,TX-31,TX,31,R+10,John Carter,R,136362,144680,4965,286007,FALSE,TRUE,13283,-3353,8580,0.4768,0.5059,0.0174,-0.0291,-0.1250,0.0959,292427.0000,0.9780
Texas,TX-21,TX,21,R+10,Chip Roy,R,168421,177654,7542,353617,FALSE,TRUE,16775,-1691,10609,0.4763,0.5024,0.0213,-0.0261,-0.0990,0.0729,362694.0000,0.9750
Texas,TX-24,TX,24,R+9,Kenny Marchant,R,125231,133317,4870,263418,FALSE,TRUE,12956,-3216,7903,0.4754,0.5061,0.0185,-0.0307,-0.0620,0.0313,277497.0000,0.9493
New York,NY-1,NY,1,R+5,Lee Zeldin,R,127991,139027,2988,270006,FALSE,TRUE,14024,-8048,8100,0.4740,0.5149,0.0111,-0.0409,-0.1220,0.0811,339160.0000,0.7961
New York,NY-24,NY,24,D+3,John Katko,R,123226,136920,0,260146,FALSE,TRUE,13694,-13694,7804,0.4737,0.5263,0.0000,-0.0526,0.0360,-0.0886,310431.0000,0.8380
Washington,WA-3,WA,3,R+4,Jaime Herrera Beutler,R,145407,161819,0,307226,FALSE,TRUE,16412,-16412,9217,0.4733,0.5267,0.0000,-0.0534,-0.0740,0.0206,315150.0000,0.9749
Pennsylvania,PA-16,PA,16,R+8,Mike Kelly,R,124109,135348,2939,262396,FALSE,TRUE,14178,-8300,7872,0.4730,0.5158,0.0112,-0.0428,-0.1990,0.1562,323079.0000,0.8122
California,CA-22,CA,22,R+8,Devin Nunes,R,105136,117243,0,222379,FALSE,TRUE,12107,-12107,6671,0.4728,0.5272,0.0000,-0.0544,-0.0930,0.0386,243929.0000,0.9117
Missouri,MO-2,MO,2,R+8,Ann Wagner,R,177611,192477,5978,376066,FALSE,TRUE,20844,-8888,11282,0.4723,0.5118,0.0159,-0.0395,-0.1030,0.0635,421541.0000,0.8921
Ohio,OH-12,OH,12,R+7,Troy Balderson,R,161251,175677,4719,341647,FALSE,TRUE,19145,-9707,10249,0.4720,0.5142,0.0138,-0.0422,-0.1140,0.0718,388602.0000,0.8792
Iowa,IA-4,IA,4,R+11,Steve King,R,147246,157676,8329,313251,FALSE,TRUE,18759,-2101,9398,0.4701,0.5034,0.0266,-0.0333,-0.2710,0.2377,383739.0000,0.8163
Florida,FL-15,FL,15,R+6,Ross Spano,R,134132,151380,20,285532,FALSE,TRUE,17268,-17228,8566,0.4698,0.5302,0.0001,-0.0604,-0.1000,0.0396,334514.0000,0.8536
Ohio,OH-1,OH,1,R+5,Steve Chabot,R,141118,154409,5344,300871,FALSE,TRUE,18635,-7947,9026,0.4690,0.5132,0.0178,-0.0442,-0.0660,0.0218,362141.0000,0.8308
New York,NY-2,NY,2,R+3,Peter King,R,113074,128058,0,241132,FALSE,TRUE,14984,-14984,7234,0.4689,0.5311,0.0000,-0.0621,-0.0890,0.0269,315405.0000,0.7645
Kansas,KS-2,KS,2,R+10,Steve Watkins,R,123859,126098,14731,264688,FALSE,FALSE,16970,12492,7941,0.4679,0.4764,0.0557,-0.0085,-0.1830,0.1745,296810.0000,0.8918
Texas,TX-10,TX,10,R+9,Michael McCaul,R,144034,157166,6627,307827,FALSE,TRUE,19759,-6505,9235,0.4679,0.5106,0.0215,-0.0427,-0.0910,0.0483,317561.0000,0.9693
Virginia,VA-5,VA,5,R+6,Denver Riggleman,R,145040,165339,547,310926,FALSE,TRUE,20846,-19752,9328,0.4665,0.5318,0.0018,-0.0653,-0.1100,0.0447,367564.0000,0.8459
Alaska,AK-AL,AK,AL,R+9,Don Young,R,131199,149779,1188,282166,FALSE,TRUE,19768,-17392,8465,0.4650,0.5308,0.0042,-0.0658,-0.1470,0.0812,318608.0000,0.8856
Texas,TX-22,TX,22,R+10,Pete Olson,R,138153,152750,6502,297405,FALSE,TRUE,21099,-8095,8922,0.4645,0.5136,0.0219,-0.0491,-0.0780,0.0289,308653.0000,0.9636
Montana,MT-AL,MT,AL,R+11,Greg Gianforte,R,233284,256661,14476,504421,FALSE,TRUE,37853,-8901,15133,0.4625,0.5088,0.0287,-0.0463,-0.2040,0.1577,497119.0000,1.0147
Michigan,MI-7,MI,7,R+7,Tim Walberg,R,136330,158730,0,295060,FALSE,TRUE,22400,-22400,8852,0.4620,0.5380,0.0000,-0.0759,-0.1700,0.0941,340831.0000,0.8657
California,CA-4,CA,4,R+10,Tom McClintock,R,156253,184401,0,340654,FALSE,TRUE,28148,-28148,10220,0.4587,0.5413,0.0000,-0.0826,-0.1450,0.0624,360284.0000,0.9455
Arkansas,AR-2,AR,2,R+7,French Hill,R,116135,132125,5193,253453,FALSE,TRUE,21183,-10797,7604,0.4582,0.5213,0.0205,-0.0631,-0.1070,0.0439,306974.0000,0.8256
North Carolina,NC-2,NC,2,R+7,George Holding,R,151977,170072,9655,331704,FALSE,TRUE,27750,-8440,9951,0.4582,0.5127,0.0291,-0.0546,-0.1150,0.0604,397196.0000,0.8351
New York,NY-23,NY,23,R+6,Tom Reed,R,109932,130323,0,240255,FALSE,TRUE,20391,-20391,7208,0.4576,0.5424,0.0000,-0.0849,-0.1470,0.0621,293287.0000,0.8192
Florida,FL-18,FL,18,R+5,Brian Mast,R,156454,185905,0,342359,FALSE,TRUE,29451,-29451,10271,0.4570,0.5430,0.0000,-0.0860,-0.0920,0.0060,382476.0000,0.8951
Michigan,MI-6,MI,6,R+4,Fred Upton,R,134082,147436,11920,293438,FALSE,TRUE,25274,-1434,8803,0.4569,0.5024,0.0406,-0.0455,-0.0840,0.0385,332772.0000,0.8818
Texas,TX-2,TX,2,R+11,Dan Crenshaw,R,119992,139188,4212,263392,FALSE,TRUE,23408,-14984,7902,0.4556,0.5284,0.0160,-0.0729,-0.0920,0.0191,279891.0000,0.9411
North Carolina,NC-13,NC,13,R+6,Ted Budd,R,130402,147570,8344,286316,FALSE,TRUE,25512,-8824,8589,0.4554,0.5154,0.0291,-0.0600,-0.0920,0.0320,368114.0000,0.7778
Texas,TX-6,TX,6,R+9,Ron Wright,R,116350,135961,3731,256042,FALSE,TRUE,23342,-15880,7681,0.4544,0.5310,0.0146,-0.0766,-0.1220,0.0454,276953.0000,0.9245
Florida,FL-16,FL,16,R+7,Vern Buchanan,R,164463,197483,0,361946,FALSE,TRUE,33020,-33020,10858,0.4544,0.5456,0.0000,-0.0912,-0.1080,0.0168,396807.0000,0.9121
Illinois,IL-12,IL,12,R+5,Mike Bost,R,118724,134884,7935,261543,FALSE,TRUE,24095,-8225,7846,0.4539,0.5157,0.0303,-0.0618,-0.1480,0.0862,316371.0000,0.8267
Washington,WA-5,WA,5,R+8,Cathy McMorris Rodgers,R,144925,175422,0,320347,FALSE,TRUE,30497,-30497,9610,0.4524,0.5476,0.0000,-0.0952,-0.1300,0.0348,319560.0000,1.0025
Minnesota,MN-8,MN,8,R+4,Pete Stauber,R,141950,159364,12897,314211,FALSE,TRUE,30311,-4517,9426,0.4518,0.5072,0.0410,-0.0554,-0.1550,0.0996,362341.0000,0.8672
Indiana,IN-2,IN,2,R+11,Jackie Walorski,R,103363,125499,27,228889,FALSE,TRUE,22163,-22109,6867,0.4516,0.5483,0.0001,-0.0967,-0.2300,0.1333,277734.0000,0.8241
California,CA-1,CA,1,R+11,Doug LaMalfa,R,131548,160046,0,291594,FALSE,TRUE,28498,-28498,8748,0.4511,0.5489,0.0000,-0.0977,-0.1940,0.0963,318397.0000,0.9158
Arizona,AZ-6,AZ,6,R+9,David Schweikert,R,140559,173140,0,313699,FALSE,TRUE,32581,-32581,9411,0.4481,0.5519,0.0000,-0.1039,-0.0980,-0.0059,343997.0000,0.9119
Texas,TX-25,TX,25,R+11,Roger Williams,R,136385,163023,5145,304553,FALSE,TRUE,31783,-21493,9137,0.4478,0.5353,0.0169,-0.0875,-0.1470,0.0595,315361.0000,0.9657
Ohio,OH-14,OH,14,R+5,David Joyce,R,137549,169809,0,307358,FALSE,TRUE,32260,-32260,9221,0.4475,0.5525,0.0000,-0.1050,-0.1140,0.0090,370746.0000,0.8290
Virginia,VA-1,VA,1,R+8,Rob Wittman,R,148464,183250,387,332101,FALSE,TRUE,35173,-34399,9963,0.4470,0.5518,0.0012,-0.1047,-0.1240,0.0193,395784.0000,0.8391
North Carolina,NC-8,NC,8,R+8,Richard Hudson,R,114119,141402,0,255521,FALSE,TRUE,27283,-27283,7666,0.4466,0.5534,0.0000,-0.1068,-0.1480,0.0412,334724.0000,0.7634
Arizona,AZ-8,AZ,8,R+13,Debbie Lesko,R,135569,168835,13,304417,FALSE,TRUE,33279,-33253,9133,0.4453,0.5546,0.0000,-0.1093,-0.2080,0.0987,332767.0000,0.9148
Wisconsin,WI-6,WI,6,R+8,Glenn Grothman,R,144536,180311,0,324847,FALSE,TRUE,35775,-35775,9745,0.4449,0.5551,0.0000,-0.1101,-0.1660,0.0559,371109.0000,0.8753
Texas,TX-3,TX,3,R+13,Van Taylor,R,138234,169520,4757,312511,FALSE,TRUE,36043,-26529,9375,0.4423,0.5424,0.0152,-0.1001,-0.1390,0.0389,324304.0000,0.9636
Florida,FL-6,FL,6,R+7,Michael Waltz,R,145758,187891,0,333649,FALSE,TRUE,42133,-42133,10009,0.4369,0.5631,0.0000,-0.1263,-0.1700,0.0437,379798.0000,0.8785
Michigan,MI-1,MI,1,R+9,Jack Bergman,R,145246,187251,0,332497,FALSE,TRUE,42005,-42005,9975,0.4368,0.5632,0.0000,-0.1263,-0.2130,0.0867,364608.0000,0.9119
West Virginia,WV-3,WV,3,R+23,Carol Miller,R,76340,98645,0,174985,FALSE,TRUE,22305,-22305,5250,0.4363,0.5637,0.0000,-0.1275,-0.4930,0.3655,218890.0000,0.7994
Colorado,CO-3,CO,3,R+6,Scott Tipton,R,146426,173205,16570,336201,FALSE,TRUE,43349,-10209,10086,0.4355,0.5152,0.0493,-0.0797,-0.1190,0.0393,377176.0000,0.8914
Indiana,IN-9,IN,9,R+13,Trey Hollingsworth,R,118090,153271,0,271361,FALSE,TRUE,35181,-35181,8141,0.4352,0.5648,0.0000,-0.1296,-0.2680,0.1384,326098.0000,0.8321
California,CA-42,CA,42,R+9,Ken Calvert,R,100892,131040,0,231932,FALSE,TRUE,30148,-30148,6958,0.4350,0.5650,0.0000,-0.1300,-0.1200,-0.0100,268305.0000,0.8644
North Carolina,NC-6,NC,6,R+9,Mark Walker,R,123651,160709,0,284360,FALSE,TRUE,37058,-37058,8531,0.4348,0.5652,0.0000,-0.1303,-0.1460,0.0157,362448.0000,0.7846
Ohio,OH-16,OH,16,R+8,Anthony Gonzalez,R,129681,170029,0,299710,FALSE,TRUE,40348,-40348,8991,0.4327,0.5673,0.0000,-0.1346,-0.1660,0.0314,369434.0000,0.8113
Indiana,IN-5,IN,5,R+9,Susan Brooks,R,137142,180035,0,317177,FALSE,TRUE,42893,-42893,9515,0.4324,0.5676,0.0000,-0.1352,-0.1170,-0.0182,366635.0000,0.8651
Michigan,MI-3,MI,3,R+6,Justin Amash,R,134185,169107,7448,310740,FALSE,TRUE,42370,-27474,9322,0.4318,0.5442,0.0240,-0.1124,-0.0940,-0.0184,349707.0000,0.8886
New Jersey,NJ-4,NJ,4,R+8,Chris Smith,R,126766,163065,4517,294348,FALSE,TRUE,40816,-31782,8830,0.4307,0.5540,0.0153,-0.1233,-0.1480,0.0247,356593.0000,0.8254
West Virginia,WV-2,WV,2,R+17,Alex Mooney,R,88011,110504,6277,204792,FALSE,TRUE,28770,-16216,6144,0.4298,0.5396,0.0307,-0.1098,-0.3640,0.2542,250267.0000,0.8183
Michigan,MI-2,MI,2,R+9,Bill Huizenga,R,131254,168970,5239,305463,FALSE,TRUE,42955,-32477,9164,0.4297,0.5532,0.0172,-0.1235,-0.1730,0.0495,350571.0000,0.8713
North Carolina,NC-5,NC,5,R+10,Virginia Foxx,R,120468,159917,0,280385,FALSE,TRUE,39449,-39449,8412,0.4297,0.5703,0.0000,-0.1407,-0.1730,0.0323,362862.0000,0.7727
North Carolina,NC-7,NC,7,R+9,David Rouzer,R,120838,156809,4665,282312,FALSE,TRUE,40636,-31306,8469,0.4280,0.5554,0.0165,-0.1274,-0.1770,0.0496,361079.0000,0.7819
South Carolina,SC-2,SC,2,R+12,Joe Wilson,R,109199,144642,3298,257139,FALSE,TRUE,38741,-32145,7714,0.4247,0.5625,0.0128,-0.1378,-0.1860,0.0482,311355.0000,0.8259
New York,NY-21,NY,21,R+4,Elise Stefanik,R,99791,131981,3437,235209,FALSE,TRUE,35627,-28753,7056,0.4243,0.5611,0.0146,-0.1369,-0.1370,0.0001,283447.0000,0.8298
Florida,FL-3,FL,3,R+9,Ted Yoho,R,129880,176616,0,306496,FALSE,TRUE,46736,-46736,9195,0.4238,0.5762,0.0000,-0.1525,-0.1600,0.0075,351688.0000,0.8715
Wisconsin,WI-1,WI,1,R+5,Bryan Steil ,R,137508,177492,10013,325013,FALSE,TRUE,49997,-29971,9750,0.4231,0.5461,0.0308,-0.1230,-0.1030,-0.0200,359815.0000,0.9033
Georgia,GA-1,GA,1,R+9,Buddy Carter,R,105942,144741,0,250683,FALSE,TRUE,38799,-38799,7520,0.4226,0.5774,0.0000,-0.1548,-0.1550,0.0002,269568.0000,0.9299
Ohio,OH-10,OH,10,R+4,Mike Turner,R,118785,157554,5387,281726,FALSE,TRUE,44156,-33382,8452,0.4216,0.5592,0.0191,-0.1376,-0.0720,-0.0656,350299.0000,0.8042
Pennsylvania,PA-14,PA,14,R+14,Guy Reschenthaler,R,110051,151386,0,261437,FALSE,TRUE,41335,-41335,7843,0.4209,0.5791,0.0000,-0.1581,-0.2900,0.1319,333028.0000,0.7850
Nevada,NV-2,NV,2,R+7,Mark Amodei,R,120102,167435,0,287537,FALSE,TRUE,47333,-47333,8626,0.4177,0.5823,0.0000,-0.1646,-0.1240,-0.0406,326011.0000,0.8820
South Carolina,SC-5,SC,5,R+9,Ralph Norman,R,103129,141757,3693,248579,FALSE,TRUE,42321,-34935,7457,0.4149,0.5703,0.0149,-0.1554,-0.1850,0.0296,306561.0000,0.8109
Texas,TX-17,TX,17,R+12,Bill Flores,R,98070,134841,4440,237351,FALSE,TRUE,41211,-32331,7121,0.4132,0.5681,0.0187,-0.1549,-0.1730,0.0181,250189.0000,0.9487
Ohio,OH-7,OH,7,R+12,Bob Gibbs,R,107536,153117,0,260653,FALSE,TRUE,45581,-45581,7820,0.4126,0.5874,0.0000,-0.1749,-0.2960,0.1211,329676.0000,0.7906
Ohio,OH-2,OH,2,R+9,Brad Wenstrup,R,119333,166714,3614,289661,FALSE,TRUE,50995,-43767,8690,0.4120,0.5755,0.0125,-0.1636,-0.1600,-0.0036,355991.0000,0.8137
Pennsylvania,PA-11,PA,11,R+14,Lloyd Smucker,R,113876,163708,0,277584,FALSE,TRUE,49832,-49832,8328,0.4102,0.5898,0.0000,-0.1795,-0.2580,0.0785,332899.0000,0.8338
Illinois,IL-16,IL,16,R+8,Adam Kinzinger,R,104569,151254,2,255825,FALSE,TRUE,46687,-46683,7675,0.4088,0.5912,0.0000,-0.1825,-0.1710,-0.0115,318212.0000,0.8039
North Carolina,NC-10,NC,10,R+12,Patrick McHenry,R,113259,164969,0,278228,FALSE,TRUE,51710,-51710,8347,0.4071,0.5929,0.0000,-0.1859,-0.2400,0.0541,361149.0000,0.7704
Oklahoma,OK-1,OK,1,R+17,Kevin Hern,R,103042,150129,0,253171,FALSE,TRUE,47087,-47087,7595,0.4070,0.5930,0.0000,-0.1860,-0.2880,0.1020,311506.0000,0.8127
Arizona,AZ-5,AZ,5,R+15,Andy Biggs,R,127027,186037,0,313064,FALSE,TRUE,59010,-59010,9392,0.4058,0.5942,0.0000,-0.1885,-0.2050,0.0165,341437.0000,0.9169
Kansas,KS-4,KS,4,R+15,Ron Estes,R,98445,144248,0,242693,FALSE,TRUE,45803,-45803,7281,0.4056,0.5944,0.0000,-0.1887,-0.2700,0.0813,276300.0000,0.8784
Georgia,GA-12,GA,12,R+9,Rick Allen,R,101503,148986,3,250492,FALSE,TRUE,47486,-47480,7515,0.4052,0.5948,0.0000,-0.1896,-0.1620,-0.0276,267675.0000,0.9358
South Carolina,SC-7,SC,7,R+9,Tom Rice,R,96564,142681,309,239554,FALSE,TRUE,46426,-45808,7187,0.4031,0.5956,0.0013,-0.1925,-0.1870,-0.0055,299421.0000,0.8001
Pennsylvania,PA-9,PA,9,R+14,Dan Meuser,R,100204,148723,0,248927,FALSE,TRUE,48519,-48519,7468,0.4025,0.5975,0.0000,-0.1949,-0.3400,0.1451,315463.0000,0.7891
Virginia,VA-6,VA,6,R+13,Ben Cline,R,113133,167957,287,281377,FALSE,TRUE,55111,-54537,8441,0.4021,0.5969,0.0010,-0.1948,-0.2460,0.0512,347830.0000,0.8089
Ohio,OH-15,OH,15,R+7,Steve Stivers,R,116112,170593,5738,292443,FALSE,TRUE,60219,-48743,8773,0.3970,0.5833,0.0196,-0.1863,-0.1560,-0.0303,356990.0000,0.8192
Florida,FL-12,FL,12,R+8,Gus Bilirakis,R,132844,194564,7510,334918,FALSE,TRUE,69230,-54210,10048,0.3966,0.5809,0.0224,-0.1843,-0.1860,0.0017,380363.0000,0.8805
Nebraska,NE-1,NE,1,R+11,Jeff Fortenberry,R,93069,141712,0,234781,FALSE,TRUE,48643,-48643,7043,0.3964,0.6036,0.0000,-0.2072,-0.2070,-0.0002,282363.0000,0.8315
Florida,FL-25,FL,25,R+4,Mario Diaz-Balart,R,84173,128672,0,212845,FALSE,TRUE,44499,-44499,6385,0.3955,0.6045,0.0000,-0.2091,-0.0190,-0.1901,263235.0000,0.8086
Florida,FL-8,FL,8,R+11,Bill Posey,R,142415,218112,0,360527,FALSE,TRUE,75697,-75697,10816,0.3950,0.6050,0.0000,-0.2100,-0.2070,-0.0030,401911.0000,0.8970
Oregon,OR-2,OR,2,R+11,Greg Walden,R,145298,207597,15814,368709,FALSE,TRUE,78113,-46485,11061,0.3941,0.5630,0.0429,-0.1690,-0.1940,0.0250,394121.0000,0.9355
Colorado,CO-4,CO,4,R+13,Ken Buck,R,145544,224038,39,369621,FALSE,TRUE,78533,-78455,11089,0.3938,0.6061,0.0001,-0.2124,-0.2320,0.0196,402203.0000,0.9190
Idaho,ID-2,ID,2,R+17,Mike Simpson,R,110381,170274,0,280655,FALSE,TRUE,59893,-59893,8420,0.3933,0.6067,0.0000,-0.2134,-0.2470,0.0336,330594.0000,0.8489
Texas,TX-14,TX,14,R+12,Randy Weber,R,92212,138942,3374,234528,FALSE,TRUE,50104,-43356,7036,0.3932,0.5924,0.0144,-0.1993,-0.1970,-0.0023,264338.0000,0.8872
Colorado,CO-5,CO,5,R+14,Doug Lamborn,R,126848,184002,11866,322716,FALSE,TRUE,69020,-45288,9681,0.3931,0.5702,0.0368,-0.1771,-0.2390,0.0619,371829.0000,0.8679
Texas,TX-26,TX,26,R+18,Michael Burgess,R,121938,185551,5016,312505,FALSE,TRUE,68629,-58597,9375,0.3902,0.5938,0.0161,-0.2036,-0.2620,0.0584,322035.0000,0.9704
Utah,UT-2,UT,2,R+16,Chris Stewart,R,105051,151489,13504,270044,FALSE,TRUE,59942,-32934,8101,0.3890,0.5610,0.0500,-0.1720,-0.1400,-0.0320,283693.0000,0.9519
Alabama,AL-5,AL,5,R+18,Mo Brooks,R,101388,159063,222,260673,FALSE,TRUE,57897,-57453,7820,0.3889,0.6102,0.0009,-0.2213,-0.3290,0.1077,314679.0000,0.8284
North Carolina,NC-11,NC,11,R+14,Mark Meadows,R,116508,178012,6146,300666,FALSE,TRUE,67650,-55358,9020,0.3875,0.5921,0.0204,-0.2046,-0.2910,0.0864,368712.0000,0.8154
Minnesota,MN-6,MN,6,R+12,Tom Emmer,R,122332,192931,463,315726,FALSE,TRUE,71062,-70136,9472,0.3875,0.6111,0.0015,-0.2236,-0.2550,0.0314,373920.0000,0.8444
Wisconsin,WI-7,WI,7,R+8,Sean Duffy,R,124307,194061,4419,322787,FALSE,TRUE,74173,-65335,9684,0.3851,0.6012,0.0137,-0.2161,-0.2030,-0.0131,373201.0000,0.8649
Alabama,AL-2,AL,2,R+16,Martha Roby,R,86931,138879,420,226230,FALSE,TRUE,52368,-51528,6787,0.3843,0.6139,0.0019,-0.2296,-0.3170,0.0874,287564.0000,0.7867
Georgia,GA-11,GA,11,R+17,Barry Loudermilk,R,118653,191887,0,310540,FALSE,TRUE,73234,-73234,9316,0.3821,0.6179,0.0000,-0.2358,-0.2510,0.0152,329312.0000,0.9430
Maryland,MD-1,MD,1,R+14,Andy Harris,R,116631,183662,5893,306186,FALSE,TRUE,72924,-61138,9186,0.3809,0.5998,0.0192,-0.2189,-0.2510,0.0321,367987.0000,0.8321
Wisconsin,WI-5,WI,5,R+13,Jim Sensenbrenner,R,138385,225619,1,364005,FALSE,TRUE,87235,-87233,10920,0.3802,0.6198,0.0000,-0.2397,-0.1980,-0.0417,405647.0000,0.8973
Florida,FL-17,FL,17,R+13,Greg Steube,R,117194,193326,0,310520,FALSE,TRUE,76132,-76132,9316,0.3774,0.6226,0.0000,-0.2452,-0.2720,0.0268,353861.0000,0.8775
Florida,FL-19,FL,19,R+13,Francis Rooney,R,128106,211465,36,339607,FALSE,TRUE,83395,-83323,10188,0.3772,0.6227,0.0001,-0.2455,-0.2210,-0.0245,381184.0000,0.8909
Texas,TX-5,TX,5,R+16,Lance Gooden,R,78666,130617,224,209507,FALSE,TRUE,52175,-51727,6285,0.3755,0.6234,0.0011,-0.2480,-0.2830,0.0350,233340.0000,0.8979
Michigan,MI-4,MI,4,R+10,John Moolenaar,R,106540,178510,0,285050,FALSE,TRUE,71970,-71970,8552,0.3738,0.6262,0.0000,-0.2525,-0.2480,-0.0045,328832.0000,0.8669
Washington,WA-4,WA,4,R+13,Dan Newhouse,R,83785,141551,0,225336,FALSE,TRUE,57766,-57766,6760,0.3718,0.6282,0.0000,-0.2564,-0.2290,-0.0274,242666.0000,0.9286
Georgia,GA-10,GA,10,R+15,Jody Hice,R,112339,190396,0,302735,FALSE,TRUE,78057,-78057,9082,0.3711,0.6289,0.0000,-0.2578,-0.2550,-0.0028,315073.0000,0.9608
Alabama,AL-1,AL,1,R+15,Bradley Byrne,R,89226,153228,163,242617,FALSE,TRUE,64165,-63839,7279,0.3678,0.6316,0.0007,-0.2638,-0.2920,0.0282,305780.0000,0.7934
Mississippi,MS-3,MS,3,R+13,Michael Guest,R,94461,160284,2526,257271,FALSE,TRUE,68349,-63297,7718,0.3672,0.6230,0.0098,-0.2559,-0.2450,-0.0109,323862.0000,0.7944
Texas,TX-27,TX,27,R+13,Michael Cloud,R,75929,125118,6374,207421,FALSE,TRUE,55563,-42815,6223,0.3661,0.6032,0.0307,-0.2371,-0.2340,-0.0031,235405.0000,0.8811
South Carolina,SC-4,SC,4,R+15,William Timmons,R,89182,145321,9447,243950,FALSE,TRUE,65586,-46692,7319,0.3656,0.5957,0.0387,-0.2301,-0.2560,0.0259,303659.0000,0.8034
Wisconsin,WI-8,WI,8,R+7,Mike Gallagher,R,119265,209410,0,328675,FALSE,TRUE,90145,-90145,9860,0.3629,0.6371,0.0000,-0.2743,-0.1740,-0.1003,372434.0000,0.8825
California,CA-23,CA,23,R+14,Kevin McCarthy,R,74661,131113,0,205774,FALSE,TRUE,56452,-56452,6173,0.3628,0.6372,0.0000,-0.2743,-0.2190,-0.0553,246632.0000,0.8343
Alabama,AL-3,AL,3,R+16,Mike Rogers,R,83996,147770,149,231915,FALSE,TRUE,63923,-63625,6957,0.3622,0.6372,0.0006,-0.2750,-0.3300,0.0550,291243.0000,0.7963
South Dakota,SD-AL,SD,AL,R+14,Dusty Johnson,R,121033,202695,12237,335965,FALSE,TRUE,93899,-69425,10079,0.3603,0.6033,0.0364,-0.2431,-0.2980,0.0549,370093.0000,0.9078
Indiana,IN-4,IN,4,R+17,Jim Baird,R,87824,156539,0,244363,FALSE,TRUE,68715,-68715,7331,0.3594,0.6406,0.0000,-0.2812,-0.3390,0.0578,304049.0000,0.8037
North Dakota,ND-AL,ND,AL,R+16,Kelly Armstrong,R,114377,193568,13587,321532,FALSE,TRUE,92778,-65604,9646,0.3557,0.6020,0.0423,-0.2463,-0.3570,0.1107,344360.0000,0.9337
Indiana,IN-8,IN,8,R+15,Larry Bucshon,R,86895,157396,0,244291,FALSE,TRUE,70501,-70501,7329,0.3557,0.6443,0.0000,-0.2886,-0.3360,0.0474,301334.0000,0.8107
West Virginia,WV-1,WV,1,R+19,David McKinley,R,70217,127997,0,198214,FALSE,TRUE,57780,-57780,5946,0.3542,0.6458,0.0000,-0.2915,-0.4160,0.1245,243894.0000,0.8127
Indiana,IN-3,IN,3,R+18,Jim Banks,R,86610,158927,0,245537,FALSE,TRUE,72317,-72317,7366,0.3527,0.6473,0.0000,-0.2945,-0.3480,0.0535,292911.0000,0.8383
Ohio,OH-5,OH,5,R+11,Bob Latta,R,99655,176569,7393,283617,FALSE,TRUE,84307,-69521,8509,0.3514,0.6226,0.0261,-0.2712,-0.2490,-0.0222,361856.0000,0.7838
Michigan,MI-10,MI,10,R+13,Paul Mitchell,R,106061,182808,14195,303064,FALSE,TRUE,90942,-62552,9092,0.3500,0.6032,0.0468,-0.2532,-0.3220,0.0688,357907.0000,0.8468
Florida,FL-11,FL,11,R+15,Dan Webster,R,128053,239395,58,367506,FALSE,TRUE,111400,-111284,11025,0.3484,0.6514,0.0002,-0.3030,-0.3230,0.0200,411005.0000,0.8942
Virginia,VA-9,VA,9,R+19,Morgan Griffith,R,85833,160933,214,246980,FALSE,TRUE,75314,-74886,7409,0.3475,0.6516,0.0009,-0.3041,-0.4130,0.1089,318350.0000,0.7758
Ohio,OH-4,OH,4,R+14,Jim Jordan,R,89412,167993,0,257405,FALSE,TRUE,78581,-78581,7722,0.3474,0.6526,0.0000,-0.3053,-0.3340,0.0287,326550.0000,0.7883
Kentucky,KY-4,KY,4,R+18,Thomas Massie,R,90536,162946,8330,261812,FALSE,TRUE,80740,-64080,7854,0.3458,0.6224,0.0318,-0.2766,-0.3590,0.0824,337433.0000,0.7759
Tennessee,TN-3,TN,3,R+18,Chuck Fleischmann,R,84731,156512,4522,245765,FALSE,TRUE,76303,-67259,7373,0.3448,0.6368,0.0184,-0.2921,-0.3500,0.0579,278072.0000,0.8838
Georgia,GA-3,GA,3,R+18,Drew Ferguson,R,101010,191996,0,293006,FALSE,TRUE,90986,-90986,8790,0.3447,0.6553,0.0000,-0.3105,-0.3160,0.0055,311864.0000,0.9395
Pennsylvania,PA-12,PA,12,R+17,Tom Marino,R,82825,161047,0,243872,FALSE,TRUE,78222,-78222,7316,0.3396,0.6604,0.0000,-0.3208,-0.3650,0.0442,306841.0000,0.7948
Texas,TX-12,TX,12,R+18,Kay Granger,R,90994,172557,4940,268491,FALSE,TRUE,86503,-76623,8055,0.3389,0.6427,0.0184,-0.3038,-0.3000,-0.0038,285007.0000,0.9421
Louisiana,LA-4,LA,4,R+13,Mike Johnson,R,72934,139326,4612,216872,FALSE,TRUE,71004,-61780,6506,0.3363,0.6424,0.0213,-0.3061,-0.2400,-0.0661,318392.0000,0.6811
Tennessee,TN-4,TN,4,R+20,Scott DesJarlais,R,78065,147323,7063,232451,FALSE,TRUE,76321,-62195,6974,0.3358,0.6338,0.0304,-0.2979,-0.4090,0.1111,278304.0000,0.8352
Ohio,OH-8,OH,8,R+17,Warren Davidson,R,87281,173852,0,261133,FALSE,TRUE,86571,-86571,7834,0.3342,0.6658,0.0000,-0.3315,-0.3430,0.0115,345230.0000,0.7564
Tennessee,TN-2,TN,2,R+20,Tim Burchett,R,86668,172856,2609,262133,FALSE,TRUE,88797,-83579,7864,0.3306,0.6594,0.0100,-0.3288,-0.3520,0.0232,292087.0000,0.8974
Oklahoma,OK-4,OK,4,R+20,Tom Cole,R,78088,149227,9323,236638,FALSE,TRUE,80462,-61816,7099,0.3300,0.6306,0.0394,-0.3006,-0.3720,0.0714,295464.0000,0.8009
Florida,FL-1,FL,1,R+22,Matt Gaetz,R,106199,216189,0,322388,FALSE,TRUE,109990,-109990,9672,0.3294,0.6706,0.0000,-0.3412,-0.3930,0.0518,380098.0000,0.8482
Indiana,IN-6,IN,6,R+18,Greg Pence,R,79430,154260,8036,241726,FALSE,TRUE,82866,-66794,7252,0.3286,0.6382,0.0332,-0.3096,-0.4020,0.0924,302405.0000,1.0041
Missouri,MO-3,MO,3,R+18,Blaine Luetkemeyer,R,106589,211243,6776,324608,FALSE,TRUE,111430,-97878,9738,0.3284,0.6508,0.0209,-0.3224,-0.3900,0.0676,378693.0000,0.8572
Illinois,IL-18,IL,18,R+15,Darin LaHood,R,95486,195927,0,291413,FALSE,TRUE,100441,-100441,8742,0.3277,0.6723,0.0000,-0.3447,-0.2730,-0.0717,345450.0000,0.8436
Missouri,MO-4,MO,4,R+17,Vicky Hartzler,R,95968,190138,7210,293316,FALSE,TRUE,101380,-86960,8799,0.3272,0.6482,0.0246,-0.3211,-0.3580,0.0369,341135.0000,0.8598
Arkansas,AR-3,AR,3,R+19,Steve Womack,R,74952,148717,6039,229708,FALSE,TRUE,79804,-67726,6891,0.3263,0.6474,0.0263,-0.3211,-0.3140,-0.0071,292163.0000,0.7862
Florida,FL-2,FL,2,R+18,Neal Dunn,R,96233,199335,0,295568,FALSE,TRUE,103102,-103102,8867,0.3256,0.6744,0.0000,-0.3488,-0.3560,0.0072,354956.0000,0.8327
Mississippi,MS-1,MS,1,R+16,Trent Kelly,R,76601,158245,1675,236521,FALSE,TRUE,83319,-79969,7096,0.3239,0.6691,0.0071,-0.3452,-0.3300,-0.0152,310621.0000,0.7614
Florida,FL-4,FL,4,R+17,John Rutherford,R,123351,248420,9478,381249,FALSE,TRUE,134547,-115591,11437,0.3235,0.6516,0.0249,-0.3281,-0.2800,-0.0481,421712.0000,0.9041
Pennsylvania,PA-15,PA,15,R+20,Glenn Thompson,R,78327,165245,0,243572,FALSE,TRUE,86918,-86918,7307,0.3216,0.6784,0.0000,-0.3568,-0.4340,0.0772,308943.0000,0.7884
Tennessee,TN-7,TN,7,R+20,Mark Green,R,81661,170071,2652,254384,FALSE,TRUE,91062,-85758,7632,0.3210,0.6686,0.0104,-0.3475,-0.3900,0.0425,293684.0000,0.8662
Missouri,MO-6,MO,6,R+16,Sam Graves,R,97660,199796,7953,305409,FALSE,TRUE,110089,-94183,9162,0.3198,0.6542,0.0260,-0.3344,-0.3230,-0.0114,356840.0000,0.8559
Kansas,KS-1,KS,1,R+24,Roger Marshall,R,71558,153082,0,224640,FALSE,TRUE,81524,-81524,6739,0.3185,0.6815,0.0000,-0.3629,-0.4480,0.0851,265883.0000,0.8449
Kentucky,KY-1,KY,1,R+23,James Comer,R,78849,172167,0,251016,FALSE,TRUE,93318,-93318,7530,0.3141,0.6859,0.0000,-0.3718,-0.4850,0.1132,310384.0000,0.8087
Arkansas,AR-4,AR,4,R+17,Bruce Westerman,R,63984,136740,4168,204892,FALSE,TRUE,76924,-68588,6147,0.3123,0.6674,0.0203,-0.3551,-0.3280,-0.0271,270782.0000,0.7567
Kentucky,KY-2,KY,2,R+19,Brett Guthrie,R,79964,171700,5681,257345,FALSE,TRUE,97417,-86055,7720,0.3107,0.6672,0.0221,-0.3565,-0.3990,0.0425,324647.0000,0.7927
South Carolina,SC-3,SC,3,R+19,Jeff Duncan,R,70046,153338,2820,226204,FALSE,TRUE,86112,-80472,6786,0.3097,0.6779,0.0125,-0.3682,-0.3800,0.0118,283968.0000,0.7966
Alabama,AL-6,AL,6,R+26,Gary Palmer,R,85644,192542,142,278328,FALSE,TRUE,107040,-106756,8350,0.3077,0.6918,0.0005,-0.3841,-0.4380,0.0539,335943.0000,0.8285
Idaho,ID-1,ID,1,R+21,Russ Fulcher,R,96922,197719,20428,315069,FALSE,TRUE,121225,-80369,9452,0.3076,0.6275,0.0648,-0.3199,-0.3830,0.0631,359661.0000,0.8760
Ohio,OH-6,OH,6,R+16,Bill Johnson,R,76716,172774,0,249490,FALSE,TRUE,96058,-96058,7485,0.3075,0.6925,0.0000,-0.3850,-0.4230,0.0380,322137.0000,0.7745
Mississippi,MS-4,MS,4,R+21,Steven Palazzo,R,68787,152633,2312,223732,FALSE,TRUE,86158,-81534,6712,0.3075,0.6822,0.0103,-0.3748,-0.4110,0.0362,283455.0000,0.7893
Arizona,AZ-4,AZ,4,R+21,Paul Gosar,R,84521,188842,3672,277035,FALSE,TRUE,107993,-100649,8311,0.3051,0.6817,0.0133,-0.3766,-0.3940,0.0174,304185.0000,0.9107
Louisiana,LA-3,LA,3,R+20,Clay Higgins,R,74713,168263,2967,245943,FALSE,TRUE,96517,-90583,7378,0.3038,0.6842,0.0121,-0.3804,-0.3810,0.0006,343017.0000,0.7170
Oklahoma,OK-2,OK,2,R+24,Markwayne Mullin,R,65021,140451,10530,216002,FALSE,TRUE,85960,-64900,6480,0.3010,0.6502,0.0487,-0.3492,-0.5010,0.1518,271844.0000,0.7946
Tennessee,TN-8,TN,8,R+19,David Kustoff,R,74755,168030,5560,248345,FALSE,TRUE,98835,-87715,7450,0.3010,0.6766,0.0224,-0.3756,-0.3540,-0.0216,298758.0000,0.8313
Missouri,MO-7,MO,7,R+23,Billy Long,R,89190,196343,10922,296455,FALSE,TRUE,118075,-96231,8894,0.3009,0.6623,0.0368,-0.3614,-0.4550,0.0936,343078.0000,0.8641
Louisiana,LA-5,LA,5,R+15,Ralph Abraham,R,67118,149018,7810,223946,FALSE,TRUE,89710,-74090,6718,0.2997,0.6654,0.0349,-0.3657,-0.2940,-0.0717,323222.0000,0.6929
Wyoming,WY-AL,WY,AL,R+25,Liz Cheney,R,59903,127963,13379,201245,FALSE,TRUE,81439,-54681,6037,0.2977,0.6359,0.0665,-0.3382,-0.4630,0.1248,255849.0000,0.7866
Pennsylvania,PA-13,PA,13,R+22,John Joyce,R,74733,178533,0,253266,FALSE,TRUE,103800,-103800,7598,0.2951,0.7049,0.0000,-0.4098,-0.4550,0.0452,319516.0000,0.7927
Illinois,IL-15,IL,15,R+21,John Shimkus,R,74309,181294,5,255608,FALSE,TRUE,106990,-106980,7668,0.2907,0.7093,0.0000,-0.4186,-0.4620,0.0434,320524.0000,0.7975
Arkansas,AR-1,AR,1,R+17,Rick Crawford,R,57907,138757,4581,201245,FALSE,TRUE,85431,-76269,6037,0.2877,0.6895,0.0228,-0.4017,-0.3480,-0.0537,260716.0000,0.7719
Louisiana,LA-6,LA,6,R+19,Garret Graves,R,76716,186553,5256,268525,FALSE,TRUE,115093,-104581,8056,0.2857,0.6947,0.0196,-0.4090,-0.3410,-0.0680,353229.0000,0.7602
Tennessee,TN-6,TN,6,R+24,John Rose,R,70370,172810,5560,248740,FALSE,TRUE,108000,-96880,7462,0.2829,0.6947,0.0224,-0.4118,-0.4880,0.0762,299210.0000,0.8313
Texas,TX-36,TX,36,R+26,Brian Babin,R,60908,161048,0,221956,FALSE,TRUE,100140,-100140,6659,0.2744,0.7256,0.0000,-0.4512,-0.4650,0.0138,255510.0000,0.8687
Utah,UT-3,UT,3,R+25,John Curtis,R,70686,174856,13316,258858,FALSE,TRUE,117486,-90854,7766,0.2731,0.6755,0.0514,-0.4024,-0.2390,-0.1634,289925.0000,0.8928
Louisiana,LA-1,LA,1,R+24,Steve Scalise,R,71521,192555,5249,269325,FALSE,TRUE,126283,-115785,8080,0.2656,0.7150,0.0195,-0.4494,-0.4220,-0.0274,354783.0000,0.7591
Texas,TX-1,TX,1,R+25,Louie Gohmert,R,61263,168165,3292,232720,FALSE,TRUE,110194,-103610,6982,0.2632,0.7226,0.0141,-0.4594,-0.4660,0.0066,264551.0000,0.8797
Oklahoma,OK-3,OK,3,R+27,Frank Lucas,R,61152,172913,0,234065,FALSE,TRUE,111761,-111761,7022,0.2613,0.7387,0.0000,-0.4775,-0.5280,0.0505,293417.0000,0.7977
Missouri,MO-8,MO,8,R+24,Jason Smith,R,66151,194042,4206,264399,FALSE,TRUE,132097,-123685,7932,0.2502,0.7339,0.0159,-0.4837,-0.5420,0.0583,318514.0000,0.8301
Utah,UT-1,UT,1,R+26,Rob Bishop,R,63308,156692,34333,254333,FALSE,TRUE,127717,-59051,7630,0.2489,0.6161,0.1350,-0.3672,-0.2740,-0.0932,280453.0000,0.9069
Texas,TX-8,TX,8,R+28,Kevin Brady,R,67930,200619,4621,273170,FALSE,TRUE,137310,-128068,8195,0.2487,0.7344,0.0169,-0.4857,-0.4830,-0.0027,298315.0000,0.9157
Texas,TX-19,TX,19,R+27,Jodey Arrington,R,50039,151946,0,201985,FALSE,TRUE,101907,-101907,6060,0.2477,0.7523,0.0000,-0.5045,-0.4870,-0.0175,229585.0000,0.8798
Georgia,GA-14,GA,14,R+27,Tom Graves,R,53981,175743,0,229724,FALSE,TRUE,121762,-121762,6892,0.2350,0.7650,0.0000,-0.5300,-0.5290,-0.0010,255872.0000,0.8978
Nebraska,NE-3,NE,3,R+27,Adrian Smith,R,49654,163650,0,213304,FALSE,TRUE,113996,-113996,6399,0.2328,0.7672,0.0000,-0.5344,-0.5420,0.0076,270185.0000,0.7895
Texas,TX-4,TX,4,R+28,John Ratcliffe,R,57400,188667,3178,249245,FALSE,TRUE,134445,-128089,7477,0.2303,0.7570,0.0128,-0.5267,-0.5320,0.0053,281123.0000,0.8866
Kentucky,KY-5,KY,5,R+31,Hal Rogers,R,45890,172093,34,218017,FALSE,TRUE,126237,-126169,6541,0.2105,0.7894,0.0002,-0.5789,-0.6210,0.0421,278451.0000,0.7830
Tennessee,TN-1,TN,1,R+28,Phil Roe,R,47138,172835,4309,224282,FALSE,TRUE,130006,-121388,6728,0.2102,0.7706,0.0192,-0.5604,-0.5680,0.0076,266419.0000,0.8418
Georgia,GA-9,GA,9,R+31,Doug Collins,R,57912,224661,5,282578,FALSE,TRUE,166754,-166744,8477,0.2049,0.7950,0.0000,-0.5901,-0.5850,-0.0051,297215.0000,0.9508
Alabama,AL-4,AL,4,R+30,Robert Aderholt,R,46492,184255,222,230969,FALSE,TRUE,137985,-137541,6929,0.2013,0.7977,0.0010,-0.5965,-0.6250,0.0285,292861.0000,0.7887
Texas,TX-11,TX,11,R+32,Mike Conaway,R,40631,176603,3143,220377,FALSE,TRUE,139115,-132829,6611,0.1844,0.8014,0.0143,-0.6170,-0.5850,-0.0320,249682.0000,0.8826
Texas,TX-13,TX,13,R+33,Mac Thornberry,R,35083,169027,3175,207285,FALSE,TRUE,137119,-130769,6219,0.1693,0.8154,0.0153,-0.6462,-0.6280,-0.0182,239860.0000,0.8642
California,CA-8,CA,8,R+9,Paul Cook,R,0,170785,0,170785,FALSE,TRUE,170785,-170785,5124,0.0000,1.0000,0.0000,-1.0000,-0.1510,N/A,232930.0000,0.7332
Georgia,GA-8,GA,8,R+15,Austin Scott,R,0,198152,564,198716,FALSE,TRUE,198716,-197588,5961,0.0000,0.9972,0.0028,-0.9972,-0.2890,N/A,265514.0000,0.7484
North Carolina,NC-3,NC,3,R+12,Walter Jones,R,0,187901,0,187901,FALSE,TRUE,187901,-187901,5637,0.0000,1.0000,0.0000,-1.0000,-0.2400,N/A,330774.0000,0.5681